INSTRUMENT,SYMBOL    ,EXP_DATE  ,OPEN_PRICE ,HI_PRICE   ,LO_PRICE   ,CLOSE_PRICE,OPEN_INT*      ,TRD_VAL           ,TRD_QTY          ,NO_OF_CONT       ,NO_OF_TRADE      
FUTSTK    , TMPV       ,29/09/2026,331.55,332.2,330.25,331.9,6249600.0,254408480.0,768000.0,480.0,434.0
FUTSTK    ,GODREJCP  ,28/07/2026,1055.6,1079.5,1055.6,1075.6,3673500.0,3230438950.0,3016000.0,6032.0,4365.0
FUTSTK    ,ASHOKLEY  , 25/08/2026 ,,156.4,153.77,156.14,125650000.0,8990474100.0,58005000.0,11601.0,8664.0
FUTSTK    ,M&M       ,28/07/2026,3190.0,3240.3,3175.1,,6527400.0,16331712140.0,5086000.0,,16711.0
FUTSTK    ,TIINDIA   ,28/07/2026,2799.0,2869.3,2774.0,2847.2,396400.0,1742204780.0,612000.0,3060.0,2409.0
,PFC       ,,410.2,417.9,,417.3,39206700.0,8686534935.0,20974200.0,16134.0,11733.0
 FUTSTK     ,ICICIBANK ,28/07/2026,1437.5,,1429.2,,33130300.0,38884171410.0,27045900.0,38637.0,32220.0
FUTSTK    ,,28/07/2026,876.45,886.15,868.9,878.6,5428100.0,5160970500.0,,6920.0,5230.0
FUTSTK    ,NAUKRI    ,28/07/2026,1173.0,1204.1,1173.0,1193.5,5785450.0,,4719000.0,8580.0,5892.0
FUTSTK    ,IOC       , 29/09/2026 ,141.0,142.6,140.44,,,91595400.0,648375.0,133.0,122.0
FUTSTK    , RADICO     , 25/08/2026 ,,4229.0,4143.6,,633300.0,2199692745.0,525600.0,3504.0,2907.0
,GVT&D     ,25/08/2026,,4345.0,4153.0,4223.6,2395000.0,5022847975.0,1180250.0,9442.0,7607.0
FUTSTK    ,NMDC      ,25/08/2026,84.3,,83.71,83.9,302109750.0,7529975662.5,89451000.0,13252.0,5910.0
 FUTSTK     , nan , 28/07/2026 ,1156.9,1203.95,1146.35,1197.8,3293125.0,8262935250.0,6966875.0,11147.0,9441.0
 FUTSTK     ,NTPC      , 28/07/2026 ,351.8,351.95,347.6,350.3,57628500.0,,53491500.0,35661.0,19667.0
FUTSTK    ,,25/08/2026,318.0,320.8,314.8,318.6,36306425.0,4820188160.0,15171950.0,7682.0,5056.0
 FUTSTK     ,GODREJCP  ,29/09/2026,1081.0,1081.7,1075.2,1081.3,15000.0,5393700.0,5000.0,10.0,
FUTSTK    ,GODREJPROP, nan ,2047.2,2074.0,2018.0,2069.0,2671175.0,3404333432.5,1662050.0,5114.0,4289.0
FUTSTK    ,PERSISTENT, 28/07/2026 ,5235.9,5356.5,5235.9,5289.1,,7355961687.5,1389875.0,11119.0,9377.0
FUTSTK    ,,,1124.9,1143.0,1124.9,1141.6,15000.0,7109937.5,6250.0,10.0,10.0
FUTSTK    ,CGPOWER   ,,891.0,891.0,879.0,888.9,1190000.0,68498567.5,77350.0,91.0,80.0
,BHARATFORG,29/09/2026,2179.7,2203.0,2171.0,2202.0,40000.0,72167700.0,33000.0,66.0,45.0
FUTSTK    , BAJAJHLDNG ,29/09/2026,10730.0,10890.0,10700.0,10890.0,2400.0,8062950.0,750.0,10.0,
 FUTSTK     ,NBCC      , 28/07/2026 ,94.5,95.98,94.5,95.01,47346000.0,3967846350.0,41704000.0,6416.0,3270.0
FUTSTK    ,HDFCAMC   , 29/09/2026 ,2570.7,2584.9,2570.0,2582.0,354000.0,26292330.0,10200.0,34.0,34.0
FUTSTK    ,NUVAMA    , 28/07/2026 ,1950.1,2012.0,1908.1,1922.4,650500.0,1183696750.0,597500.0,1195.0,1144.0
FUTSTK    ,PIIND     ,,2708.3,2740.0,,2726.0,44625.0,,20300.0,116.0,106.0
FUTSTK    ,RBLBANK   ,29/09/2026,360.55,365.15,360.0,365.0,190500.0,16118205.0,44450.0,14.0,14.0
 FUTSTK     ,GMRAIRPORT,25/08/2026,109.0,109.56,107.56,108.77,103027725.0,4973420380.5,45867600.0,6576.0,
 FUTSTK     ,MCX       ,29/09/2026,2754.4,,2745.9,,201375.0,106376490.0,38475.0,171.0,145.0
FUTSTK    ,LICHSGFIN ,29/09/2026,536.45,549.7,536.45,549.1,165000.0,28261800.0,,52.0,45.0
FUTSTK    ,SOLARINDS ,28/07/2026,18511.0,18772.0,18320.0,18643.0,288700.0,,243850.0,4877.0,3677.0
FUTSTK    ,TATAPOWER ,,378.75,380.25,376.2,379.2,,5049733097.5,13370450.0,9221.0,6819.0
FUTSTK    , AUBANK     ,29/09/2026,1049.3,1071.0,1037.9,1062.5,2351000.0,237250900.0,225000.0,225.0,195.0
FUTSTK    ,SUPREMEIND,28/07/2026,3482.5,,3308.1,3333.6,,1600450810.0,468125.0,2675.0,2115.0
FUTSTK    ,SHREECEM  , 28/07/2026 ,26965.0,27130.0,26470.0,26950.0,111200.0,3804958375.0,141100.0,5644.0,
FUTSTK    ,HAVELLS   ,25/08/2026,1247.0,1254.8,1237.5,1244.0,8308500.0,3689771500.0,2966500.0,,4480.0
FUTSTK    ,FEDERALBNK, 29/09/2026 ,358.9,359.85,357.0,,7980000.0,,312500.0,125.0,119.0
FUTSTK    , BHEL       ,29/09/2026,,426.5,418.8,421.25,2761500.0,77511525.0,183750.0,70.0,59.0
FUTSTK    ,VMM       ,29/09/2026,108.66,111.0,108.4,,4636600.0,94177494.0,853600.0,176.0,161.0
FUTSTK    ,ADANIPORTS, 28/07/2026 ,1780.0,1784.0,1755.0,1772.8,4987500.0,7962022010.0,4507275.0,9489.0,6381.0
FUTSTK    ,APLAPOLLO ,25/08/2026,1845.0,1874.9,1825.1,1858.0,3857350.0,3114940465.0,1671250.0,4775.0,2714.0
 FUTSTK     ,,25/08/2026,2791.8,2885.2,2776.5,2862.3,1820200.0,2306429800.0,806400.0,4032.0,3309.0
 FUTSTK     ,TATASTEEL ,25/08/2026,185.7,186.14,184.6,185.45,138371750.0,7211131895.0,38907000.0,14148.0,10454.0
FUTSTK    ,JSWENERGY ,29/09/2026,558.0,559.0,555.0,557.95,109650.0,18000015.0,,30.0,17.0
 FUTSTK     ,PNB       ,28/07/2026,110.72,112.2,,111.71,,9271175280.0,83152000.0,10394.0,6849.0
FUTSTK    ,TVSMOTOR  ,25/08/2026,3895.0,3916.1,3866.0,3901.1,11691750.0,10280226705.0,2643025.0,15103.0,11205.0
FUTSTK    ,GODFRYPHLP,25/08/2026,2109.0,2226.0,2109.0,2175.0,1565025.0,3632706357.5,1667875.0,6065.0,4599.0
 FUTSTK     , BAJAJ-AUTO ,29/09/2026,11267.5,11340.0,11195.0,11281.0,18450.0,80305387.5,7125.0,95.0,81.0
FUTSTK    ,BSE       ,,3610.0,3610.0,3538.0,3581.6,262600.0,480270000.0,134400.0,672.0,554.0
FUTSTK    ,VMM       ,25/08/2026,110.0,110.49,107.65,,38848500.0,1599019780.0,,3025.0,
FUTSTK    ,M&M       ,25/08/2026,3207.0,3261.0,3190.0,3250.4,,17992092680.0,5573600.0,27868.0,17793.0
FUTSTK    ,CGPOWER   ,28/07/2026,876.45,886.15,868.9,878.6,5428100.0,5160970500.0,5882000.0,6920.0,5230.0
FUTSTK    , BAJAJHLDNG ,,10730.0,10890.0,10700.0,10890.0,2400.0,8062950.0,750.0,10.0,10.0
FUTSTK    ,INDIANB   ,29/09/2026,843.0,843.5,837.0,837.7,,15976400.0,19000.0,19.0,19.0
FUTSTK    ,,28/07/2026,464.95,470.2,461.1,469.15,10252575.0,,10184100.0,,
 FUTSTK     ,IRFC      ,25/08/2026,87.06,87.75,87.0,87.28,80794525.0,3184563861.5,,6719.0,5776.0
FUTSTK    ,WIPRO     ,,174.5,175.54,172.81,175.29,278157000.0,18552985560.0,106605000.0,35535.0,23291.0
FUTSTK    ,PIIND     ,25/08/2026,2730.6,2751.0,2704.8,2738.0,2612575.0,2155237787.5,786975.0,4497.0,3201.0
 FUTSTK     ,SIEMENS   ,28/07/2026,3724.8,3746.1,3675.6,3715.4,622825.0,3930719940.0,1060850.0,6062.0,
FUTSTK    ,MAXHEALTH ,25/08/2026,1101.4,1115.0,1091.9,1110.5,9399600.0,,3396750.0,6470.0,5580.0
* - OPEN_INT as available in the trading system at the end of trading hours.                                                                                                                                                                                                                                                                                                                                                                                                                                        , nan ,,,,,,,,,,
FUTSTK    ,SBILIFE   ,28/07/2026,,1867.5,1835.0,1862.3,2029125.0,3933603337.5,2126625.0,5671.0,4305.0
FUTSTK    ,MFSL      ,25/08/2026,1535.3,1543.9,1508.6,1518.6,7874400.0,,3289200.0,8223.0,5263.0
 FUTIDX     , BANKNIFTY  ,25/08/2026,57499.0,57567.0,57190.0,57396.2,1672110.0,36032143122.0,628020.0,20934.0,13457.0
FUTSTK    ,POWERGRID ,29/09/2026,291.45,,288.95,,12944700.0,528937770.0,1820200.0,,279.0
FUTSTK    ,BRITANNIA ,25/08/2026,5320.5,5374.0,5278.0,5325.0,1938000.0,4267497375.0,803000.0,6424.0,5114.0
 FUTSTK     , AMBER      ,25/08/2026,7247.0,,7247.0,7308.5,,4185313200.0,571800.0,5718.0,3926.0
FUTSTK    , HCLTECH    ,28/07/2026,1284.5,1304.8,1279.1,1298.3,5065600.0,16145860280.0,,31131.0,21412.0
FUTSTK    ,PIDILITIND,25/08/2026,1597.9,1634.8,1597.9,1622.8,6949000.0,5746680600.0,,7087.0,5238.0
FUTSTK    ,AUBANK    ,25/08/2026,,1066.2,1026.6,1055.6,21791000.0,13110814600.0,12519000.0,12519.0,9641.0
FUTSTK    , CGPOWER    ,25/08/2026,884.0,890.45,872.05,883.1,16648950.0,,8188900.0,9634.0,
FUTSTK    , IDFCFIRSTB ,28/07/2026,86.1,88.8,84.76,84.95,,16013221276.5,,19980.0,15041.0
FUTSTK    ,TORNTPHARM,25/08/2026,4917.7,5022.7,4917.7,4994.2,4532625.0,7866543112.5,1580875.0,12647.0,10238.0
FUTSTK    , TCS        ,28/07/2026,2279.5,2315.8,2275.0,2293.8,10632150.0,27138846172.5,11808000.0,52480.0,31828.0
FUTSTK    , KAYNES     ,,3152.0,3169.7,3110.5,3150.0,3497100.0,5292827865.0,1686900.0,11246.0,7664.0
FUTSTK    ,HAL       ,28/07/2026,4585.6,,4578.9,4626.8,2062200.0,7877357250.0,1703700.0,11358.0,8597.0
 FUTSTK     ,,25/08/2026,111.55,112.74,111.32,112.35,,9937165760.0,88648000.0,11081.0,7418.0
FUTSTK    ,NYKAA     ,29/09/2026,329.5,330.0,327.05,329.75,368750.0,17483125.0,53125.0,17.0,14.0
FUTSTK    ,FORTIS    , 28/07/2026 ,953.95,958.5,941.45,943.7,2842700.0,2619932333.75,,3569.0,2586.0
FUTSTK    ,FEDERALBNK,25/08/2026,357.0,358.0,354.65,356.8,,7406257875.0,20787500.0,,
FUTSTK    ,MCX       ,29/09/2026,2754.4,2783.7,2745.9,2768.3,201375.0,106376490.0,38475.0,171.0,145.0
FUTSTK    ,AMBER     ,28/07/2026,7247.0,7356.5,7247.0,7308.5,,3889965550.0,531500.0,,
FUTSTK    ,SONACOMS  , 28/07/2026 ,720.7,729.9,717.3,,6138475.0,3900268435.0,5388775.0,4399.0,3940.0
FUTSTK    ,SBICARD   ,28/07/2026,634.85,,626.75,644.85,5076800.0,5325256920.0,8334400.0,10418.0,7374.0
FUTSTK    ,DIXON     ,25/08/2026,13850.0,13866.0,13596.0,13658.0,2086350.0,10496936450.0,766050.0,15321.0,10997.0
FUTSTK    ,ICICIPRULI,28/07/2026,501.0,509.9,501.0,,5611975.0,3137900301.25,6188250.0,6690.0,5532.0
FUTSTK    ,DMART     ,29/09/2026,4015.0,4078.7,4015.0,4028.3,,110716140.0,27300.0,182.0,154.0
FUTSTK    ,PAGEIND   , 25/08/2026 ,40510.0,,39785.0,39965.0,226400.0,3734478600.0,93020.0,4651.0,3713.0
FUTSTK    ,AMBUJACEM ,29/09/2026,428.95,438.0,427.85,436.6,2175600.0,349872000.0,802800.0,669.0,610.0
 FUTSTK     ,BDL       , nan ,1206.5,1212.2,1193.0,1209.4,,116846440.0,96900.0,228.0,208.0
FUTSTK    ,NYKAA     ,25/08/2026,327.35,329.5,325.85,329.1,42853125.0,4669280000.0,14234375.0,4555.0,2703.0
FUTSTK    ,RELIANCE  ,25/08/2026,1292.5,1295.2,,1286.5,87790500.0,36767682300.0,28564000.0,57128.0,35066.0
,RELIANCE  , 28/07/2026 ,1286.4,1289.0,1276.7,,44530000.0,34348928200.0,,53657.0,33742.0
FUTSTK    , NAUKRI     ,25/08/2026,1188.0,1211.9,1180.5,1200.9,13626800.0,7267276720.0,6046700.0,,8076.0
FUTSTK    ,, 29/09/2026 ,17550.0,17575.0,17122.0,17160.0,7275.0,67256625.0,3900.0,156.0,141.0
FUTSTK    ,ADANIGREEN,29/09/2026,1428.4,1432.5,,1417.4,235800.0,107120160.0,,,113.0
FUTSTK    ,INFY      ,29/09/2026,1055.0,1087.0,1050.1,1085.2,2122400.0,1051402680.0,975600.0,2439.0,2195.0
FUTSTK    ,PFC       ,29/09/2026,,418.4,409.1,417.0,2505100.0,,1645800.0,1266.0,928.0
FUTSTK    ,MPHASIS   , 28/07/2026 ,2335.0,,2316.3,2335.6,2278100.0,3794268252.5,1623600.0,5904.0,4679.0
 FUTSTK     ,CONCOR    , 28/07/2026 ,471.55,515.0,,510.3,8315000.0,6043819125.0,12055000.0,9644.0,7959.0
FUTSTK    ,AUROPHARMA, nan ,1540.4,1577.4,1540.4,,9155850.0,4697845350.0,3002450.0,5459.0,3983.0
FUTSTK    ,ULTRACEMCO, nan ,,11992.0,11806.0,11925.0,1544500.0,,568200.0,11364.0,9142.0
,TATACONSUM,25/08/2026,1120.0,1132.6,1103.9,1113.0,14191650.0,6929016600.0,6230400.0,11328.0,8413.0
 FUTSTK     ,IDFCFIRSTB,28/07/2026,86.1,,84.76,84.95,101283000.0,,185314500.0,,15041.0
 FUTSTK     , nan , nan ,7684.0,7856.0,7670.0,7790.0,396400.0,70744150.0,,91.0,81.0
FUTSTK    ,GLENMARK  ,,2188.4,2218.9,2188.4,2198.1,5170500.0,8580699150.0,3891000.0,10376.0,6012.0
FUTSTK    , nan ,29/09/2026,1032.2,1036.0,1028.0,1033.6,9630750.0,413569125.0,,534.0,517.0
 nan ,ADANIGREEN,29/09/2026,1428.4,1432.5,1406.3,1417.4,235800.0,107120160.0,75600.0,126.0,113.0
,APLAPOLLO ,,1847.4,1878.1,1847.4,1864.0,,277227265.0,148400.0,424.0,
FUTSTK    ,DIVISLAB  ,29/09/2026,7373.5,,7346.5,7506.5,576200.0,,12700.0,127.0,104.0
FUTSTK    , POLICYBZR  ,25/08/2026,1559.7,,1546.0,1561.2,8158500.0,4754190280.0,3049550.0,8713.0,5092.0
 FUTSTK     , ANGELONE   ,28/07/2026,310.05,312.35,304.6,305.5,9065000.0,2869807500.0,9322500.0,3729.0,3123.0
FUTSTK    ,NTPC      ,28/07/2026,351.8,351.95,347.6,350.3,57628500.0,18734964600.0,,35661.0,19667.0
FUTSTK    ,CONCOR    ,25/08/2026,476.0,516.65,474.2,511.85,18468750.0,9201665062.5,18267500.0,14614.0,11881.0
FUTSTK    ,INDIGO    ,29/09/2026,5187.0,5295.0,5171.5,5287.0,376650.0,263232975.0,50250.0,335.0,282.0
FUTSTK    ,PAGEIND   ,29/09/2026,40495.0,40495.0,39845.0,,1540.0,23238800.0,580.0,29.0,29.0
 FUTSTK     , TECHM      ,25/08/2026,1575.0,1599.3,1572.7,1578.4,17099400.0,12275743440.0,,12902.0,10117.0
 FUTSTK     , SHREECEM   ,25/08/2026,26765.0,26795.0,,,296700.0,3671655750.0,,5506.0,4239.0
FUTSTK    ,PRESTIGE  ,25/08/2026,1610.0,,,,4577850.0,,1870650.0,4157.0,3326.0
FUTSTK    ,RVNL      ,25/08/2026,224.5,226.09,221.56,,27673800.0,3174372162.5,,7365.0,5658.0
 FUTSTK     ,INDHOTEL  , 28/07/2026 ,,737.55,728.05,733.1,7497000.0,4803491850.0,6558000.0,6558.0,5872.0
 FUTSTK     ,,25/08/2026,,,2632.0,2645.6,4013600.0,4103627200.0,1547800.0,7739.0,6419.0
FUTSTK    ,LUPIN     , 29/09/2026 ,,2450.0,2428.9,,59925.0,52895160.0,,51.0,48.0
FUTSTK    ,BANKBARODA, 28/07/2026 ,242.75,247.75,,244.45,38294100.0,,36878400.0,12608.0,8886.0
FUTSTK    ,NYKAA     ,28/07/2026,319.45,328.5,319.45,327.9,18687500.0,4446458593.75,13640625.0,4365.0,2525.0
FUTSTK    ,,29/09/2026,1252.0,1262.0,1246.5,1252.8,150000.0,55102600.0,44000.0,88.0,81.0
 FUTSTK     ,AMBER     ,29/09/2026,7269.5,7369.0,7260.0,7331.0,,19072700.0,2600.0,26.0,26.0
FUTSTK    ,MARICO    ,28/07/2026,862.95,862.95,853.3,859.15,1696800.0,3028543920.0,3534000.0,,2676.0
FUTSTK    , HYUNDAI    , 29/09/2026 ,1941.0,1976.5,1941.0,1973.7,42350.0,21588875.0,11000.0,40.0,39.0
FUTSTK    ,MAXHEALTH ,28/07/2026,1088.9,1117.6,1086.2,,1005900.0,3485665575.0,3158925.0,6017.0,5193.0
,COCHINSHIP,25/08/2026,1392.0,1410.8,1381.9,1405.1,5248000.0,4108686600.0,2944800.0,7362.0,5113.0
FUTSTK    ,IOC       ,28/07/2026,140.98,142.5,140.0,141.76,50246625.0,4622222182.5,,,6075.0
FUTSTK    ,HEROMOTOCO,,5085.7,5182.0,5085.7,5176.9,56250.0,170240955.0,33000.0,220.0,197.0
FUTSTK    ,UNOMINDA  ,29/09/2026,1148.9,1170.0,1143.0,1167.2,33550.0,16543010.0,14300.0,26.0,23.0
 FUTSTK     , CANBK      , 28/07/2026 ,126.5,129.94,125.9,,127919250.0,,122418000.0,18136.0,14586.0
 FUTSTK     ,INOXWIND  ,29/09/2026,,79.49,78.74,,2835200.0,50138560.0,633600.0,99.0,88.0
FUTSTK    ,GMRAIRPORT, 29/09/2026 ,109.38,109.53,108.6,109.47,4749975.0,29667046.5,272025.0,39.0,
 FUTSTK     ,HINDALCO  ,28/07/2026,945.05,952.0,943.85,946.55,16208500.0,10465278425.0,11033400.0,15762.0,7799.0
FUTSTK    ,APOLLOHOSP,25/08/2026,8806.5,8900.5,8793.5,8891.0,,4387155812.5,,3965.0,3500.0
FUTSTK    ,RECLTD    ,29/09/2026,,367.5,357.45,367.0,1064700.0,333197628.75,921375.0,,428.0
FUTSTK    ,PNBHOUSING,29/09/2026,1069.4,,1061.2,1084.0,22750.0,11855025.0,11050.0,17.0,16.0
FUTSTK    , JUBLFOOD   ,29/09/2026,418.9,428.4,418.9,428.2,817500.0,120137937.5,282500.0,226.0,211.0
FUTSTK    ,NBCC      , 29/09/2026 ,95.75,96.66,95.39,95.71,1898000.0,39814385.0,416000.0,64.0,61.0
FUTSTK    ,PETRONET  ,25/08/2026,276.95,279.0,274.2,274.7,25965400.0,2733357955.0,9902800.0,5212.0,3510.0
FUTSTK    ,DALBHARAT , 28/07/2026 ,,1832.3,1715.0,1825.5,2339675.0,4223050357.5,,,3694.0
FUTSTK    ,,29/09/2026,,248.74,239.6,240.36,8226000.0,1163766960.0,4776750.0,2123.0,1179.0
FUTSTK    , DIVISLAB   ,,7303.0,7507.0,7278.0,7462.0,3418300.0,10293847400.0,1384300.0,13843.0,9624.0
 FUTSTK     ,,,1294.0,1312.2,1288.0,1311.1,1898050.0,41445060.0,31900.0,44.0,42.0
FUTSTK    ,ULTRACEMCO,,11862.0,11962.0,11743.0,11862.0,581800.0,6490974000.0,549000.0,10980.0,9180.0
,PRESTIGE  ,,1639.2,1657.0,1639.2,1656.8,12600.0,11870190.0,7200.0,16.0,16.0
 FUTSTK     ,MFSL      ,,1486.4,1531.0,1486.4,1509.0,3305200.0,5004561120.0,,8286.0,5370.0
FUTSTK    ,PAGEIND   ,25/08/2026,40510.0,,39785.0,39965.0,226400.0,,93020.0,4651.0,3713.0
FUTSTK    ,NAM-INDIA , 25/08/2026 ,1125.0,1150.8,1115.2,1145.8,6672500.0,3197078000.0,2798125.0,4477.0,4210.0
FUTSTK    ,LAURUSLABS,28/07/2026,1619.5,1728.8,1619.5,1711.1,3899800.0,11774178410.0,6992950.0,8227.0,6728.0
 FUTSTK     ,BOSCHLTD  ,29/09/2026,41945.0,42370.0,41400.0,41425.0,1300.0,40666750.0,975.0,39.0,36.0
FUTSTK    ,TMPV      ,25/08/2026,330.3,330.4,328.05,329.65,61553600.0,8171735440.0,24824000.0,15515.0,11585.0
 FUTSTK     ,HEROMOTOCO,25/08/2026,5064.0,5158.7,5058.1,5139.8,,9664656915.0,1887000.0,,9751.0
FUTSTK    , ULTRACEMCO , 29/09/2026 ,11959.0,12011.0,11916.0,12002.0,277250.0,36498300.0,3050.0,61.0,49.0
FUTSTK    , JSWENERGY  ,25/08/2026,,,551.2,553.35,21538700.0,4599043177.5,8302225.0,7723.0,4651.0
 FUTSTK     ,,28/07/2026,7247.0,7356.5,7247.0,7308.5,,3889965550.0,531500.0,5315.0,3828.0
FUTSTK    ,ADANIPOWER, 25/08/2026 ,216.0,217.2,214.13,,127182300.0,10755705297.0,49991100.0,14082.0,
FUTSTK    , COALINDIA  ,28/07/2026,429.85,431.8,425.8,428.0,31168800.0,11175173640.0,25990200.0,19252.0,7834.0
FUTSTK    ,POLICYBZR ,28/07/2026,1541.9,1560.0,1537.4,1553.3,4095000.0,4697944965.0,,8656.0,5074.0
 FUTSTK     ,GAIL      ,29/09/2026,173.0,,172.57,176.08,678050.0,39512636.0,227200.0,64.0,59.0
FUTIDX    ,MIDCPNIFTY,28/07/2026,14588.8,,14528.65,14590.75,749760.0,,459600.0,3830.0,2941.0
FUTSTK    ,AXISBANK  ,28/07/2026,,1239.0,1222.1,1228.7,,23496224312.5,19142500.0,30628.0,20023.0
 FUTSTK     ,NAM-INDIA ,25/08/2026,1125.0,1150.8,,1145.8,6672500.0,3197078000.0,2798125.0,4477.0,4210.0
FUTSTK    ,GLENMARK  ,29/09/2026,2234.0,2239.0,,,,12537412.5,5625.0,15.0,14.0
FUTSTK    ,HINDUNILVR,28/07/2026,2152.3,2182.0,2152.3,2174.8,8271600.0,11442400830.0,5259000.0,17530.0,13703.0
,INDUSTOWER,25/08/2026,398.55,399.65,,390.0,80042800.0,10293034795.0,,15397.0,8543.0
FUTSTK    ,UNIONBANK ,28/07/2026,171.3,173.2,169.69,170.18,30306825.0,5499124854.0,32196300.0,7276.0,5539.0
 FUTSTK     ,LICI      ,29/09/2026,418.95,421.5,417.0,,842800.0,98612850.0,,168.0,121.0
 FUTSTK     ,VBL       ,28/07/2026,461.35,465.0,453.7,464.0,18107550.0,6320869492.5,13755975.0,10789.0,8486.0
FUTSTK    , SBIN       ,28/07/2026,1025.0,1025.0,1016.3,,29993250.0,21340361850.0,20907750.0,27877.0,20608.0
FUTSTK    ,SHRIRAMFIN,,1027.9,1044.8,,1043.0,,13856572702.5,13459875.0,16315.0,12510.0
FUTSTK    ,,28/07/2026,409.2,409.2,,406.85,46021800.0,10275663813.75,25317975.0,17767.0,12152.0
FUTSTK    ,,29/09/2026,2873.6,2885.0,2865.8,2878.3,6200.0,5181140.0,1800.0,9.0,9.0
 FUTSTK     ,CIPLA     ,28/07/2026,1412.0,1416.0,1392.0,1405.8,3351125.0,3938112475.0,2800325.0,,5902.0
 nan ,NMDC      ,,84.76,84.76,83.24,83.53,146441250.0,7806951112.5,,13798.0,6572.0
FUTSTK    ,UNIONBANK ,29/09/2026,172.99,174.79,171.91,,2712525.0,,159300.0,36.0,36.0
FUTSTK    ,,28/07/2026,4917.0,4992.0,4866.0,4893.0,302225.0,3625300000.0,,4210.0,3228.0
,PATANJALI ,28/07/2026,343.8,,341.05,347.65,7628200.0,,9551375.0,8885.0,4975.0
FUTSTK    ,PAYTM     ,25/08/2026,1294.5,1306.9,1278.6,1301.0,18523750.0,13183763587.5,10191325.0,14057.0,10150.0
 FUTSTK     ,ITC       ,29/09/2026,288.0,,288.0,289.65,18911175.0,562489121.25,,1123.0,658.0
FUTSTK    ,DRREDDY   ,28/07/2026,1156.4,1159.1,1149.6,1153.7,4793750.0,6074488062.5,5263750.0,8422.0,7571.0
FUTSTK    ,CONCOR    ,29/09/2026,,516.9,477.0,514.9,363750.0,121569375.0,240000.0,192.0,153.0
FUTSTK    , M&M        ,29/09/2026,3224.9,3278.5,,,2348600.0,206347300.0,63600.0,318.0,278.0
FUTSTK    , COCHINSHIP ,,1392.0,1410.8,,1405.1,5248000.0,4108686600.0,2944800.0,7362.0,5113.0
FUTIDX    ,NIFTYNXT50,25/08/2026,72550.0,72801.4,,72682.2,11075.0,,6625.0,265.0,239.0
FUTSTK    ,WIPRO     ,25/08/2026,174.5,175.54,172.81,175.29,278157000.0,18552985560.0,106605000.0,35535.0,23291.0
,MCX       ,28/07/2026,,,2734.0,2755.0,2313900.0,6343437510.0,2304900.0,10244.0,
FUTSTK    , POLYCAB    , nan ,9048.5,9096.0,9000.0,9061.0,1993000.0,8187321062.5,903875.0,7231.0,6275.0
FUTSTK    ,ICICIPRULI, 25/08/2026 ,,513.0,505.5,512.05,18445425.0,2978117050.0,5843225.0,6317.0,5110.0
FUTSTK    ,GLENMARK  ,25/08/2026,2209.9,2230.5,2205.2,2210.5,9496500.0,9299534437.5,4194750.0,11186.0,6662.0
FUTSTK    ,HYUNDAI   , 25/08/2026 ,1934.0,,1934.0,,3813975.0,4308512175.0,,7963.0,
 FUTSTK     ,MANAPPURAM,25/08/2026,358.95,363.9,356.5,362.4,46119000.0,9564042750.0,26616000.0,8872.0,5075.0
 FUTSTK     , IDEA       ,28/07/2026,,13.27,13.03,13.1,1971494925.0,20090824839.0,1528278450.0,21382.0,8580.0
FUTSTK    ,INOXWIND  ,25/08/2026,77.94,79.1,77.94,78.74,82112000.0,2221966976.0,28288000.0,4420.0,2815.0
 nan ,ADANIENT  ,28/07/2026,3056.0,,3007.1,3045.0,6833844.0,16573462818.0,5474553.0,17717.0,
FUTSTK    ,WIPRO     ,29/09/2026,172.18,174.46,171.5,174.15,9213000.0,457441500.0,2646000.0,882.0,807.0
FUTSTK    ,BANKINDIA ,25/08/2026,145.0,145.0,137.25,138.53,84385600.0,8489707408.0,60522800.0,11639.0,8542.0
 FUTSTK     ,CANBK     , 28/07/2026 ,126.5,129.94,125.9,127.64,127919250.0,15642885105.0,122418000.0,18136.0,14586.0
FUTSTK    ,,25/08/2026,1499.9,1540.0,1490.9,1528.5,14096100.0,10827071007.5,,14947.0,11936.0
FUTSTK    ,PERSISTENT,25/08/2026,5263.0,5372.0,5237.3,5287.3,3514625.0,8878866525.0,1674125.0,13393.0,11014.0
FUTSTK    ,DELHIVERY , 29/09/2026 ,470.45,474.0,466.7,473.4,327850.0,69445166.25,147325.0,71.0,58.0
 FUTSTK     ,HINDPETRO , 28/07/2026 ,392.0,397.45,387.65,394.95,15325200.0,3522258067.5,8991000.0,,3509.0
FUTSTK    ,FORCEMOT  ,25/08/2026,,,17110.0,17157.0,263625.0,2823635025.0,163200.0,6528.0,5023.0
 FUTSTK     ,HDFCLIFE  , 28/07/2026 ,551.4,558.5,551.4,553.5,12498200.0,7506968095.0,13532200.0,12302.0,8212.0
FUTSTK    , COALINDIA  ,25/08/2026,427.65,429.55,424.45,425.85,,11419191337.5,26711100.0,,8164.0
FUTSTK    ,MOTHERSON ,28/07/2026,146.17,149.69,146.17,149.31,62619300.0,9072115182.0,61087950.0,9933.0,6890.0
FUTSTK    ,IDFCFIRSTB, 29/09/2026 ,88.46,89.75,85.57,85.73,37211300.0,369225043.25,,456.0,414.0
,JUBLFOOD  ,28/07/2026,422.0,429.4,421.95,428.5,7423750.0,3596128312.5,8437500.0,6750.0,4169.0
FUTSTK    ,UNITDSPR  ,,1497.8,1517.0,1497.8,1500.3,34800.0,38563520.0,25600.0,64.0,60.0
FUTSTK    ,NHPC      ,29/09/2026,77.94,78.48,77.4,78.41,2230950.0,53564692.5,688050.0,99.0,84.0
FUTSTK    ,MARUTI    ,25/08/2026,13540.0,13669.0,13444.0,13650.0,1950550.0,,969800.0,19396.0,14865.0
FUTSTK    , BPCL       ,25/08/2026,318.0,,314.8,318.6,36306425.0,4820188160.0,15171950.0,7682.0,5056.0
FUTSTK    , KOTAKBANK  ,29/09/2026,391.55,393.15,389.0,390.3,33018000.0,152210900.0,390000.0,195.0,184.0
FUTSTK    ,CUMMINSIND,28/07/2026,5613.5,5654.0,5595.5,,1847400.0,,1091200.0,5456.0,3688.0
,HEROMOTOCO,28/07/2026,5041.3,5125.1,5030.5,5112.7,1257000.0,7793722560.0,1529400.0,10196.0,7907.0
FUTSTK    ,MARUTI    ,28/07/2026,,13739.0,13512.0,13719.0,,10661809700.0,781500.0,15630.0,11984.0
 FUTSTK     ,HAL       ,29/09/2026,4634.0,4689.0,4624.6,,465000.0,203766735.0,,291.0,252.0
FUTSTK    ,ADANIPORTS,29/09/2026,1796.0,1798.6,1775.2,1791.9,2158400.0,1144768620.0,639825.0,1347.0,
FUTSTK    ,BANKBARODA,25/08/2026,244.0,249.35,243.35,245.7,115756875.0,11385396067.5,46171125.0,15785.0,11501.0
,SBICARD   ,25/08/2026,628.65,646.2,621.15,643.2,21335200.0,6346876200.0,10019200.0,12524.0,9594.0
 FUTSTK     ,ICICIGI   ,25/08/2026,1667.1,1696.9,1662.1,1680.4,4895150.0,2696085925.0,1600950.0,4926.0,4185.0
FUTSTK    ,UNOMINDA  , 28/07/2026 ,1132.2,1166.0,,1162.9,1114300.0,1551029645.0,1347500.0,2450.0,2180.0
FUTSTK    , nan ,25/08/2026,2169.0,,2166.3,2186.1,15730800.0,13446879030.0,6148200.0,20494.0,15790.0
FUTSTK    ,OIL       ,25/08/2026,439.3,442.6,435.0,,15353800.0,2602240830.0,5913600.0,4224.0,3616.0
 FUTSTK     ,BAJAJHLDNG,25/08/2026,,10887.0,10670.0,10864.0,,1176265425.0,108975.0,1453.0,1218.0
FUTSTK    , IEX        , 25/08/2026 ,125.6,130.37,125.6,127.68,,5009823964.5,39232650.0,9019.0,6221.0
FUTSTK    ,UPL       ,29/09/2026,616.95,618.35,613.25,615.85,188345.0,32551571.5,52845.0,39.0,39.0
FUTSTK    ,ADANIGREEN,25/08/2026,1420.0,1427.0,1397.7,1408.3,22130400.0,11925837360.0,8477400.0,14129.0,8308.0
FUTSTK    , BAJFINANCE ,25/08/2026,1038.0,1056.2,1035.0,1053.2,61882500.0,23753887050.0,22695750.0,30261.0,21210.0
,BHARTIARTL,,1893.3,1917.5,1890.0,1906.5,12198475.0,16797717362.5,8824550.0,18578.0,11207.0
 FUTSTK     ,BRITANNIA , 29/09/2026 ,5375.0,5395.0,5315.0,5359.0,36000.0,20076625.0,3750.0,30.0,25.0
FUTSTK    ,CROMPTON  ,28/07/2026,248.9,251.45,248.05,249.55,22224550.0,4086360090.0,16367950.0,7613.0,5256.0
FUTSTK    ,SAIL      , 29/09/2026 ,163.4,166.2,162.25,162.72,2829400.0,249414665.0,1522800.0,324.0,289.0
FUTSTK    ,ONGC      , 25/08/2026 ,248.0,248.29,238.86,239.71,48195000.0,5618525647.5,23175000.0,10300.0,8596.0
FUTSTK    ,MAZDOCK   ,28/07/2026,2319.0,2343.8,2305.3,2339.8,1247625.0,5114964532.5,2196000.0,9760.0,6768.0
FUTSTK    ,WAAREEENER,28/07/2026,2702.4,2769.9,2702.4,2752.8,1145200.0,7069677877.5,2568825.0,14679.0,11025.0
FUTSTK    ,,29/09/2026,955.25,962.65,955.25,,3994900.0,1895667550.0,1978900.0,2827.0,182.0
 FUTSTK     ,JINDALSTEL,29/09/2026,1062.0,1078.7,1060.0,1076.0,620000.0,42846312.5,40000.0,64.0,60.0
FUTSTK    ,LICI      , nan ,424.0,430.55,423.2,,7940800.0,3594752770.0,8442000.0,6030.0,3878.0
FUTSTK    ,BPCL      ,29/09/2026,,321.3,317.5,320.65,1325225.0,,527325.0,267.0,210.0
FUTSTK    ,BLUESTARCO,29/09/2026,1650.0,1655.8,1631.0,,,,3900.0,,12.0
FUTSTK    ,,28/07/2026,,2555.3,2524.2,2548.4,1917000.0,,1510200.0,5034.0,4522.0
FUTSTK    , LUPIN      ,28/07/2026,2384.9,2431.6,2380.0,2413.6,1738250.0,4460888017.5,1846625.0,4345.0,3439.0
 FUTSTK     ,VBL       ,25/08/2026,460.75,467.5,455.65,465.95,45652650.0,7890685256.25,17091375.0,13405.0,10393.0
FUTSTK    , CUMMINSIND , 29/09/2026 ,5691.0,5712.0,5663.5,5701.0,358200.0,33008100.0,5800.0,29.0,24.0
FUTSTK    , TCS        ,29/09/2026,2274.0,,2274.0,2314.4,1087200.0,731846677.5,316800.0,1408.0,1139.0
FUTSTK    ,DRREDDY   ,25/08/2026,1151.3,1154.7,1142.8,1148.4,13152500.0,6820202187.5,5936250.0,9498.0,8622.0
FUTSTK    ,NTPC      ,25/08/2026,353.0,353.3,,351.65,,17103452550.0,48624000.0,32416.0,16455.0
,ETERNAL   ,28/07/2026,282.3,296.35,281.5,294.6,62766275.0,17740027845.0,60663800.0,,17315.0
FUTSTK    ,RVNL      ,28/07/2026,,228.4,224.14,224.43,,2920199128.0,12912900.0,6708.0,5241.0
FUTSTK    ,TORNTPHARM, 28/07/2026 ,4955.1,5075.0,4955.1,,617500.0,7137058112.5,,11355.0,9258.0
FUTSTK    ,ASTRAL    ,29/09/2026,1408.0,1429.0,1408.0,1419.9,94775.0,72375332.5,51000.0,120.0,
FUTSTK    ,SBIN      , 25/08/2026 ,1033.9,1033.9,1021.8,1027.5,70995750.0,23341417350.0,22749750.0,30333.0,
FUTSTK    ,BAJFINANCE, 29/09/2026 ,1045.1,1060.0,1041.3,,11521500.0,767143200.0,,967.0,
FUTSTK    ,,25/08/2026,1656.2,1668.7,1634.5,1638.9,3017300.0,1974791747.5,1199900.0,3692.0,3325.0
FUTSTK    ,LTM       , 29/09/2026 ,4094.9,4239.0,4094.8,4214.1,41850.0,64767135.0,15450.0,103.0,93.0
FUTIDX    , NIFTY      ,28/07/2026,23940.0,24045.0,23902.4,24028.0,,93601033038.5,3903120.0,60048.0,
 FUTSTK     ,ADANIENSOL,25/08/2026,1725.1,1725.1,1684.0,1710.9,17176725.0,11820382042.5,6955875.0,10305.0,6845.0
FUTSTK    , POWERGRID  , 25/08/2026 ,289.5,291.4,287.6,,,4379994665.0,15160100.0,7979.0,6237.0
 FUTSTK     ,, 29/09/2026 ,1027.5,1035.6,1013.0,1034.7,,,23400.0,36.0,29.0
FUTSTK    ,,29/09/2026,3113.3,3145.6,3113.3,3145.4,133750.0,13290650.0,4250.0,17.0,11.0
FUTSTK    ,ANGELONE  ,25/08/2026,,312.65,306.0,306.6,22495000.0,3569686625.0,11580000.0,4632.0,3899.0
FUTSTK    ,BAJAJ-AUTO,28/07/2026,11146.5,11262.0,11117.5,,844950.0,,511875.0,6825.0,5762.0
 FUTSTK     ,PREMIERENE,28/07/2026,1012.3,,1012.3,1040.5,843700.0,2308175675.0,2236650.0,3441.0,2584.0
FUTSTK    ,CANBK     ,29/09/2026,127.67,131.15,,129.09,10044000.0,268907782.5,2079000.0,,295.0
FUTSTK    ,CHOLAFIN  ,28/07/2026,1734.4,1805.0,1734.4,1787.2,5057500.0,8199706937.5,4595625.0,7353.0,
,,25/08/2026,,4765.0,4713.6,4757.5,5042450.0,8240348952.5,1739850.0,9942.0,6690.0
FUTSTK    ,HINDALCO  ,25/08/2026,955.0,958.0,946.7,951.45,45600100.0,9413764185.0,9868600.0,14098.0,8214.0
FUTSTK    ,POLYCAB   ,28/07/2026,9063.0,9063.0,8954.5,9027.0,705000.0,7388785500.0,819000.0,6552.0,5791.0
FUTSTK    ,BHARTIARTL, nan ,1924.0,1940.0,1915.0,1929.0,344850.0,146439317.5,76000.0,160.0,153.0
FUTSTK    , CHOLAFIN   ,29/09/2026,1785.0,1813.0,,1804.4,2786875.0,,675000.0,1080.0,
FUTSTK    ,JINDALSTEL,25/08/2026,1061.6,,1045.2,1069.6,10549375.0,5911731250.0,5550625.0,8881.0,6530.0
 FUTSTK     , VOLTAS     ,25/08/2026,1342.5,,1316.0,1327.1,6651000.0,3265633275.0,2454375.0,6545.0,5264.0
FUTSTK    ,JIOFIN    ,25/08/2026,237.5,,236.1,237.1,146120650.0,10596573376.0,44744000.0,19040.0,
FUTSTK    ,ZYDUSLIFE ,28/07/2026,1113.0,1125.8,1098.8,,1588500.0,2548818360.0,2292300.0,2547.0,2144.0
FUTSTK    ,PIIND     ,28/07/2026,2754.1,2773.7,2736.1,2749.4,627725.0,1891088010.0,685300.0,3916.0,
,ICICIBANK ,25/08/2026,1437.0,1442.7,1424.5,1439.5,99008700.0,34440187110.0,24030300.0,34329.0,28275.0
FUTSTK    ,RBLBANK   , 25/08/2026 ,360.45,364.85,,363.9,39042975.0,7502977437.5,20761325.0,6539.0,
FUTSTK    ,,29/09/2026,13.34,13.45,13.23,13.27,70903200.0,,18940875.0,265.0,243.0
FUTSTK    ,BLUESTARCO,,1620.0,1672.4,,1648.4,682825.0,1744218612.5,1053325.0,3241.0,2947.0
FUTSTK    ,HINDZINC  , 28/07/2026 ,537.8,540.0,527.7,529.45,12726525.0,5494900976.25,10325525.0,8429.0,5208.0
FUTSTK    , KALYANKJIL , 25/08/2026 ,576.0,586.95,565.6,567.4,,,14820300.0,10978.0,8047.0
FUTSTK    ,POWERINDIA, 28/07/2026 ,31185.0,31780.0,30920.0,31580.0,162650.0,4990728250.0,158600.0,6344.0,5255.0
FUTSTK    ,JSWSTEEL  ,28/07/2026,,1247.6,1233.0,,8133750.0,7808621062.5,6290325.0,9319.0,
,ABCAPITAL ,28/07/2026,395.1,400.5,394.05,399.95,11113500.0,3882745970.0,9768100.0,3151.0,2845.0
FUTSTK    ,GODREJPROP,25/08/2026,2055.0,2085.9,2028.0,2078.3,5772325.0,4304735857.5,2091050.0,6434.0,5554.0
FUTSTK    ,MAZDOCK   , 29/09/2026 ,2287.8,2308.9,2284.1,2305.9,187875.0,132217020.0,,256.0,237.0
 FUTSTK     ,UNOMINDA  ,,1158.9,1173.9,1142.4,1170.2,4396150.0,2420428450.0,2087250.0,3795.0,3211.0
FUTSTK    ,MOTILALOFS,28/07/2026,874.2,880.0,862.35,868.5,,1815358605.0,2091725.0,2699.0,2363.0
FUTSTK    ,HDFCBANK  ,25/08/2026,751.15,753.5,743.0,744.75,270491000.0,,62750350.0,96539.0,66171.0
FUTSTK    ,,28/07/2026,1156.9,1203.95,1146.35,1197.8,,8262935250.0,6966875.0,11147.0,9441.0
FUTSTK    , SUZLON     ,29/09/2026,53.36,53.71,52.73,53.66,10375900.0,130707257.0,2451100.0,193.0,170.0
FUTSTK    ,BSE       ,25/08/2026,3600.0,,3516.4,,6398000.0,11608659320.0,3268200.0,16341.0,12006.0
,FINNIFTY  , 28/07/2026 ,25865.1,26199.3,25865.1,26177.6,25500.0,,12600.0,210.0,
FUTSTK    ,MPHASIS   ,29/09/2026,2353.5,2378.7,2343.8,2362.8,26125.0,20746852.5,8800.0,32.0,32.0
 FUTSTK     ,GODREJPROP,28/07/2026,2047.2,,2018.0,,,3404333432.5,1662050.0,5114.0,4289.0
FUTSTK    ,BAJAJFINSV,28/07/2026,1883.2,1918.7,1883.2,1911.2,4018800.0,5809461630.0,,10162.0,9169.0
 FUTSTK     ,BHARATFORG,28/07/2026,,2190.1,2155.7,2182.0,1619500.0,5736915900.0,2644000.0,5288.0,4712.0
FUTSTK    ,PATANJALI , 25/08/2026 ,,350.6,344.25,348.9,25816125.0,4691108005.0,13507375.0,12565.0,7483.0
 FUTSTK     ,DABUR     ,28/07/2026,,428.45,423.35,426.95,10742500.0,,,6614.0,5637.0
FUTSTK    ,CAMS      ,29/09/2026,775.5,795.35,,790.65,66825.0,37061557.5,47025.0,57.0,48.0
FUTSTK    ,KAYNES    ,29/09/2026,3099.0,3152.1,3083.0,3137.1,,198421740.0,63600.0,424.0,389.0
FUTSTK    ,SUPREMEIND, 29/09/2026 ,3528.7,3529.9,3345.0,3358.2,18550.0,44492682.5,,75.0,63.0
FUTSTK    ,DRREDDY   ,29/09/2026,,1153.9,1144.6,1150.2,471875.0,108489312.5,94375.0,151.0,140.0
FUTSTK    ,MANAPPURAM,28/07/2026,356.0,362.55,355.5,361.05,37290000.0,8496631350.0,23742000.0,7914.0,4389.0
FUTSTK    ,KPITTECH  ,28/07/2026,,594.25,581.4,586.25,2939575.0,3706864757.5,,,6780.0
FUTSTK    , PIDILITIND , 29/09/2026 ,1613.4,1641.0,1613.4,1630.2,628500.0,29299950.0,18000.0,36.0,30.0
FUTSTK    , nan ,25/08/2026,1246.7,1246.7,1229.5,1235.7,72073750.0,24807339312.5,20095625.0,,21223.0
 FUTSTK     ,DLF       ,25/08/2026,644.8,654.0,644.8,653.25,40326550.0,7765879880.0,11963350.0,12593.0,6871.0
FUTSTK    ,ADANIENT  ,25/08/2026,3055.5,3071.8,3024.0,3058.9,14324931.0,17138266181.4,5631216.0,18224.0,8934.0
FUTSTK    ,OBEROIRLTY,28/07/2026,1831.1,1853.8,1821.2,1830.0,1794800.0,4192901790.0,2286200.0,6532.0,4433.0
 FUTSTK     ,,29/09/2026,3641.1,,,3669.1,18200.0,17944272.5,4900.0,28.0,27.0
 FUTSTK     ,,25/08/2026,31490.0,31960.0,31105.0,31760.0,451275.0,6447378750.0,203700.0,8148.0,6853.0
FUTSTK    ,BEL       ,28/07/2026,409.2,409.2,404.3,406.85,46021800.0,10275663813.75,25317975.0,17767.0,12152.0
 FUTSTK     , SHRIRAMFIN ,29/09/2026,1027.7,,1015.0,1049.3,5055600.0,225710760.0,,265.0,235.0
 FUTSTK     ,INOXWIND  , 28/07/2026 ,77.64,78.75,77.64,78.33,38035200.0,2320124160.0,29696000.0,4640.0,3042.0
,RADICO    ,28/07/2026,4125.1,4199.7,,4151.0,235050.0,1286780295.0,309450.0,2063.0,1644.0
FUTSTK    ,RBLBANK   ,25/08/2026,360.45,,358.25,363.9,39042975.0,7502977437.5,20761325.0,6539.0,4876.0
FUTSTK    , NBCC       ,25/08/2026,95.2,96.36,94.65,95.42,80255500.0,3755558950.0,39292500.0,6045.0,2943.0
FUTSTK    ,HINDALCO  ,,955.0,958.0,946.7,951.45,45600100.0,9413764185.0,9868600.0,14098.0,8214.0
FUTSTK    , ADANIENSOL , 29/09/2026 ,1720.7,1733.4,1696.1,1697.8,68175.0,46303515.0,27000.0,,36.0
FUTSTK    ,MCX       , 25/08/2026 ,2740.0,2778.8,2735.5,2759.3,5967900.0,7465208175.0,2707875.0,12035.0,9499.0
 FUTSTK     ,TCS       ,28/07/2026,,2315.8,2275.0,2293.8,10632150.0,27138846172.5,11808000.0,52480.0,31828.0
 FUTIDX     ,MIDCPNIFTY, 29/09/2026 ,,14695.0,14627.95,14689.85,31320.0,,12600.0,105.0,84.0
FUTSTK    ,KAYNES    ,28/07/2026,3219.9,3224.9,3170.5,3187.8,947700.0,5356490805.0,1677750.0,11185.0,7662.0
,KFINTECH  , 29/09/2026 ,860.0,946.1,860.0,933.7,115575.0,141478951.25,155250.0,270.0,251.0
FUTSTK    , SHREECEM   ,25/08/2026,26765.0,26795.0,26465.0,26735.0,296700.0,3671655750.0,137650.0,5506.0,4239.0
FUTSTK    , GMRAIRPORT ,28/07/2026,107.69,108.99,106.99,108.22,64414125.0,4446778655.25,41229225.0,5911.0,2935.0
, SOLARINDS  ,25/08/2026,,18825.0,18429.0,18744.0,688250.0,4960620100.0,266300.0,5326.0,3997.0
FUTSTK    ,PAYTM     ,28/07/2026,1289.1,1299.6,1272.1,1293.7,,11639746747.5,9045825.0,12477.0,9020.0
FUTSTK    , NATIONALUM ,,347.7,348.5,340.25,341.25,,117943312.5,343125.0,183.0,176.0
FUTIDX    ,MIDCPNIFTY,25/08/2026,14590.0,14649.25,14560.05,14646.3,1523400.0,6324053352.0,432600.0,3605.0,2770.0
FUTSTK    ,UPL       , 29/09/2026 ,616.95,618.35,613.25,615.85,188345.0,32551571.5,52845.0,39.0,39.0
FUTSTK    ,INDHOTEL  ,25/08/2026,736.0,742.0,732.5,737.05,19940000.0,4868928800.0,6612000.0,6612.0,5847.0
 nan , ABCAPITAL  ,,395.1,400.5,394.05,399.95,11113500.0,3882745970.0,9768100.0,3151.0,2845.0
FUTSTK    ,APOLLOHOSP,29/09/2026,8905.5,8958.5,8848.0,8942.5,360875.0,80131125.0,9000.0,72.0,67.0
 FUTSTK     ,IOC       ,25/08/2026,139.68,142.1,139.61,141.18,136246500.0,5588160337.5,39814125.0,8167.0,7034.0
FUTSTK    ,BHARATFORG,25/08/2026,2185.0,2201.9,2165.4,2195.4,7021500.0,6634782700.0,3041500.0,6083.0,5437.0
 FUTSTK     ,SHRIRAMFIN,28/07/2026,1020.0,1039.5,1001.7,1037.6,9514725.0,,10126875.0,12275.0,9027.0
FUTSTK    , RECLTD     ,28/07/2026,,368.95,357.7,368.45,21103425.0,7821222333.75,21454650.0,13622.0,8335.0
FUTIDX    ,BANKNIFTY ,29/09/2026,57453.8,57950.0,57453.8,57793.6,147870.0,2250118914.0,38940.0,1298.0,1095.0
FUTSTK    ,GODREJPROP,29/09/2026,2040.0,2094.9,2040.0,2091.9,133575.0,24887167.5,12025.0,37.0,
 FUTSTK     ,BOSCHLTD  ,25/08/2026,,42150.0,41150.0,,,2801915125.0,,2703.0,2059.0
 FUTSTK     ,PGEL      ,29/09/2026,586.85,592.65,584.15,586.45,114000.0,13952935.0,23750.0,25.0,24.0
FUTSTK    ,KALYANKJIL, 29/09/2026 ,576.0,587.0,565.1,566.4,635850.0,106471732.5,186300.0,138.0,131.0
FUTSTK    , RELIANCE   ,25/08/2026,1292.5,1295.2,,1286.5,87790500.0,36767682300.0,,57128.0,35066.0
FUTSTK    ,HINDUNILVR,29/09/2026,,2206.0,2189.3,2201.2,2744400.0,106228500.0,48300.0,161.0,152.0
FUTSTK    ,TITAN     , 28/07/2026 ,4710.6,4741.3,4685.7,4731.5,2561300.0,7447907232.5,,,5927.0
FUTSTK    ,NATIONALUM,28/07/2026,347.35,347.4,338.6,339.8,18523125.0,3904447500.0,11388750.0,6074.0,
FUTSTK    ,JIOFIN    ,29/09/2026,239.0,239.01,237.58,238.54,14508900.0,,1156200.0,492.0,462.0
FUTSTK    ,DALBHARAT ,25/08/2026,1750.0,1844.1,1750.0,1836.1,3486275.0,4338202180.0,2382250.0,7330.0,3715.0
FUTSTK    ,PRESTIGE  ,28/07/2026,1607.9,1649.9,1592.4,1642.4,,2707368030.0,1657800.0,3684.0,2973.0
,NESTLEIND ,25/08/2026,,1468.8,,1455.7,10311000.0,7943686650.0,5471500.0,,
FUTSTK    ,,29/09/2026,3088.3,3088.3,3046.1,3076.9,477096.0,107954433.9,35226.0,114.0,104.0
FUTSTK    , BSE        ,29/09/2026,,3610.0,3538.0,3581.6,262600.0,,134400.0,672.0,554.0
FUTSTK    ,FEDERALBNK,28/07/2026,356.0,357.5,353.9,356.05,12165000.0,7329709375.0,,8246.0,6835.0
 nan ,INDUSINDBK, 25/08/2026 ,1003.45,1018.7,1002.35,1008.3,,12146502270.0,12045600.0,17208.0,10421.0
 FUTSTK     ,MANKIND   ,28/07/2026,,2561.4,2514.2,2550.2,813750.0,1978200150.0,777250.0,3109.0,2356.0
 FUTSTK     ,BOSCHLTD  , 28/07/2026 ,42085.0,42100.0,41305.0,41425.0,22625.0,2611915625.0,62875.0,2515.0,1920.0
FUTSTK    ,LTF       , 25/08/2026 ,303.4,310.95,303.4,310.45,48755250.0,5904914062.5,19118250.0,8497.0,5749.0
FUTSTK    ,MANKIND   ,29/09/2026,2570.3,2579.8,2565.0,2573.8,7000.0,4497125.0,1750.0,7.0,
FUTIDX    ,FINNIFTY  , 28/07/2026 ,25865.1,26199.3,25865.1,26177.6,25500.0,,12600.0,210.0,190.0
FUTSTK    ,LUPIN     , 25/08/2026 ,2385.0,2441.0,2385.0,2425.3,4829275.0,,2277575.0,5359.0,4380.0
FUTSTK    ,ICICIGI   , 28/07/2026 ,1684.1,1698.7,1657.8,1682.8,1784250.0,3615563445.0,2147925.0,,5318.0
,POLICYBZR , 29/09/2026 ,1555.9,1571.0,1555.9,1567.0,40950.0,9307865.0,,17.0,16.0
FUTSTK    ,CIPLA     ,25/08/2026,1425.5,1425.5,1400.0,1413.8,9590125.0,4658959947.5,3295450.0,7754.0,6838.0
FUTSTK    ,,25/08/2026,,2753.7,,2737.7,6631975.0,7108625580.0,2602600.0,14872.0,11149.0
FUTSTK    ,,28/07/2026,236.0,237.3,235.41,236.43,62380750.0,10440404807.5,44205850.0,18811.0,12698.0
FUTSTK    ,DMART     , 25/08/2026 ,4010.0,4081.5,4010.0,4026.4,4231350.0,6335518140.0,1563600.0,,8332.0
FUTSTK    ,TATAELXSI ,29/09/2026,3500.9,3557.0,3465.7,3551.0,145000.0,155329250.0,44000.0,352.0,299.0
FUTSTK    , HDFCBANK   , 29/09/2026 ,758.6,758.6,747.6,749.7,35917700.0,1702423255.0,2269150.0,3491.0,3359.0
FUTSTK    , DELHIVERY  ,,472.0,472.0,462.55,470.7,20911850.0,5235136812.5,11196700.0,5396.0,4043.0
FUTSTK    ,GLENMARK  ,29/09/2026,,2239.0,2220.0,2220.5,20250.0,12537412.5,5625.0,15.0,14.0
FUTSTK    ,HDFCLIFE  , 29/09/2026 ,564.45,565.0,558.1,560.4,5839900.0,1801886955.0,3202100.0,2911.0,297.0
FUTSTK    , VMM        ,28/07/2026,109.22,,107.16,110.34,9544800.0,1191470254.5,10965850.0,2261.0,2047.0
, ABB        ,25/08/2026,7380.5,7380.5,7225.0,7335.5,1913625.0,6926775437.5,949500.0,7596.0,6382.0
 FUTSTK     ,TRENT     ,29/09/2026,2899.7,2947.6,2899.7,2932.5,254475.0,232072785.0,79200.0,352.0,308.0
FUTSTK    ,NESTLEIND , 28/07/2026 ,1444.0,1461.3,1436.1,1447.4,6363000.0,7221415200.0,5000500.0,10001.0,6552.0
 FUTSTK     ,INDUSTOWER, 29/09/2026 ,400.15,400.15,389.8,392.1,3709400.0,93970220.0,238000.0,140.0,131.0
 FUTSTK     , DABUR      , 29/09/2026 ,429.5,433.0,429.5,432.15,1626250.0,,120000.0,96.0,86.0
FUTSTK    ,GVT&D     ,28/07/2026,4165.8,,,4206.9,726000.0,3058033437.5,719000.0,5752.0,4929.0
FUTSTK    ,COLPAL    , 25/08/2026 ,2100.0,2170.0,,2148.8,3816175.0,3813362300.0,1777050.0,6462.0,5212.0
FUTSTK    ,UNIONBANK ,25/08/2026,172.51,174.23,170.62,171.09,109934700.0,5949043366.5,,7828.0,5900.0
FUTSTK    ,SHREECEM  ,,26470.0,26680.0,26470.0,26645.0,1225.0,13977125.0,525.0,21.0,19.0
FUTSTK    ,OFSS      ,25/08/2026,10799.0,11234.0,10749.0,11136.0,1173200.0,7701281400.0,693900.0,6939.0,6226.0
FUTSTK    ,,29/09/2026,1280.3,1302.7,1273.1,1297.2,415200.0,341880360.0,263600.0,659.0,617.0
FUTSTK    ,MANAPPURAM, 29/09/2026 ,358.85,364.0,358.85,364.0,,20601000.0,57000.0,19.0,19.0
FUTSTK    ,IOC       ,29/09/2026,141.0,142.6,140.44,142.06,6191250.0,91595400.0,648375.0,133.0,122.0
,MAXHEALTH ,29/09/2026,1104.2,1115.5,1104.2,1113.3,36750.0,9326992.5,8400.0,16.0,16.0
FUTSTK    ,PGEL      ,,584.9,591.45,580.0,583.35,8589900.0,2942701237.5,5046400.0,5312.0,
 FUTSTK     ,, 29/09/2026 ,127.25,129.78,127.24,128.58,826500.0,47997247.5,374100.0,86.0,83.0
FUTSTK    ,BDL       , nan ,1249.9,1264.0,1234.9,,1986450.0,,3296300.0,7756.0,6632.0
FUTSTK    ,NAUKRI    ,28/07/2026,1173.0,1204.1,1173.0,1193.5,5785450.0,5636298745.0,4719000.0,8580.0,5892.0
FUTSTK    ,,25/08/2026,1056.6,1082.8,1048.9,1076.2,6607250.0,3561900095.0,3333200.0,5128.0,4048.0
FUTSTK    ,PAGEIND   ,28/07/2026,,40505.0,39670.0,39825.0,90220.0,,80460.0,4023.0,3212.0
 FUTSTK     , BAJAJ-AUTO ,25/08/2026,11220.0,11327.0,11167.5,11262.0,1906800.0,7140364425.0,634275.0,8457.0,7313.0
 FUTSTK     ,ICICIBANK ,25/08/2026,1437.0,1442.7,1424.5,1439.5,99008700.0,34440187110.0,24030300.0,34329.0,28275.0
FUTSTK    , GODFRYPHLP ,28/07/2026,2152.0,2253.3,2109.0,2198.4,507650.0,3000142887.5,1361800.0,4952.0,3895.0
FUTSTK    ,TATAPOWER ,,378.75,380.25,376.2,379.2,39748850.0,5049733097.5,13370450.0,9221.0,6819.0
FUTSTK    ,MAZDOCK   ,25/08/2026,2315.0,2315.0,2284.7,2310.3,4720500.0,5303797087.5,2304900.0,,
,GRASIM    ,25/08/2026,3125.0,3126.6,,3122.5,11226500.0,9067819600.0,2916250.0,11665.0,7427.0
 FUTSTK     ,ADANIPORTS,25/08/2026,,1795.0,1764.6,1782.4,17236325.0,9122150182.5,5137125.0,10815.0,8108.0
FUTSTK    , BANDHANBNK ,28/07/2026,167.11,170.5,167.0,169.36,28162800.0,5300488440.0,31291200.0,8692.0,6139.0
 FUTSTK     ,COCHINSHIP,28/07/2026,,1406.8,1387.5,1402.8,2241200.0,3978555480.0,2847600.0,7119.0,5010.0
FUTSTK    , APLAPOLLO  ,28/07/2026,1836.7,1865.2,1826.0,1850.1,,3117939300.0,1680700.0,,2606.0
FUTSTK    , KOTAKBANK  , 25/08/2026 ,389.5,390.6,385.65,,,18026882700.0,46520000.0,23260.0,15531.0
 FUTSTK     , nan , 29/09/2026 ,112.49,113.33,112.1,112.99,14152000.0,198472400.0,1760000.0,220.0,201.0
FUTSTK    ,OIL       ,29/09/2026,436.35,440.6,433.55,437.1,190400.0,16561580.0,37800.0,27.0,21.0
FUTSTK    ,EICHERMOT ,25/08/2026,7587.0,,7587.0,7743.0,3883000.0,9091781500.0,1178000.0,11780.0,10211.0
FUTSTK    ,,29/09/2026,545.0,545.0,534.1,,847700.0,146420575.0,271950.0,222.0,216.0
FUTSTK    , nan ,25/08/2026,2548.9,2569.7,2536.8,2562.9,5593200.0,3886319520.0,1518000.0,5060.0,4455.0
,BANKINDIA ,29/09/2026,,144.6,138.35,139.45,2579200.0,241625072.0,1710800.0,329.0,291.0
FUTSTK    ,PGEL      ,28/07/2026,581.95,587.8,577.1,580.75,3450400.0,2721316895.0,4689200.0,4936.0,3450.0
 FUTSTK     , nan ,25/08/2026,1764.8,1816.0,1760.7,1798.7,11566875.0,10200759937.5,5681875.0,9091.0,7796.0
FUTSTK    ,LAURUSLABS, 29/09/2026 ,1630.0,1738.0,1630.0,1723.0,393550.0,697763045.0,410550.0,483.0,448.0
FUTSTK    ,APOLLOHOSP,28/07/2026,8790.0,8865.0,8752.5,8849.5,,3953196437.5,448625.0,3589.0,3107.0
FUTSTK    ,AXISBANK  , 29/09/2026 ,,,1237.2,1243.1,6277500.0,281868125.0,226875.0,363.0,362.0
FUTSTK    ,MARICO    ,25/08/2026,850.5,,850.5,860.15,12256800.0,3284746260.0,,3191.0,
FUTSTK    ,,28/07/2026,5612.5,5689.5,5590.5,5606.5,758250.0,3672242437.5,,5223.0,3810.0
FUTSTK    ,UPL       ,28/07/2026,608.15,611.85,606.15,609.85,,4336961033.75,7116460.0,5252.0,3310.0
 FUTSTK     ,UPL       ,25/08/2026,609.95,615.05,609.25,611.95,24278890.0,4746857002.5,7751955.0,,3700.0
FUTSTK    ,, 29/09/2026 ,1348.0,1348.6,1335.1,,449350.0,99907225.0,,157.0,137.0
 FUTSTK     ,KFINTECH  ,28/07/2026,877.15,954.4,867.1,948.9,2025725.0,4527232398.75,4886350.0,8498.0,7816.0
,TORNTPHARM,,4918.8,4984.6,4910.0,4974.2,7875.0,16117937.5,3250.0,26.0,22.0
FUTSTK    ,ONGC      , nan ,248.0,248.74,239.6,240.36,8226000.0,1163766960.0,4776750.0,,1179.0
FUTSTK    ,AMBUJACEM ,,428.6,433.0,424.25,431.6,31726800.0,11527495320.0,26761200.0,22301.0,9416.0
FUTSTK    ,SUZLON    ,25/08/2026,52.99,53.45,52.38,53.31,359537000.0,5928653624.0,111937800.0,8814.0,6581.0
FUTSTK    ,VOLTAS    ,28/07/2026,1329.5,1343.5,1311.1,1321.2,,2747797725.0,2075250.0,5534.0,4468.0
FUTSTK    , LODHA      , 25/08/2026 ,1117.85,1170.0,1107.05,1156.7,13720625.0,9127370062.5,7960000.0,12736.0,10851.0
 FUTSTK     , HINDPETRO  ,29/09/2026,392.95,400.45,,399.3,1387125.0,86666051.25,218700.0,108.0,99.0
FUTSTK    ,ADANIGREEN, 28/07/2026 ,1417.0,1419.4,,1401.0,,10212952020.0,7301400.0,12169.0,6839.0
FUTSTK    ,HYUNDAI   ,28/07/2026,1965.0,1999.9,1962.2,1988.8,1030975.0,3279795970.0,1655225.0,6019.0,4490.0
,VEDL      ,25/08/2026,268.4,269.6,265.55,,40214350.0,5866894395.0,21946600.0,19084.0,11535.0
FUTSTK    ,MUTHOOTFIN,28/07/2026,3039.8,3063.5,,3029.1,1716275.0,5667354962.5,1862850.0,6774.0,5231.0
FUTSTK    ,TATACONSUM,29/09/2026,1130.0,1135.4,1113.4,1120.0,1799050.0,46809620.0,41800.0,,71.0
FUTSTK    ,SUPREMEIND,25/08/2026,,3529.6,3315.0,3344.3,1963500.0,,876575.0,5009.0,
FUTSTK    ,RVNL      , 29/09/2026 ,224.0,224.71,220.93,222.75,2548700.0,161600419.75,723800.0,376.0,343.0
 FUTSTK     , BLUESTARCO , 29/09/2026 ,1650.0,1655.8,1631.0,1636.6,,6400842.5,3900.0,12.0,12.0
FUTSTK    , LICHSGFIN  , 28/07/2026 ,540.1,554.35,540.1,553.3,5489000.0,3710633800.0,6784000.0,6784.0,4645.0
FUTSTK    ,ITC       ,25/08/2026,285.9,,285.7,287.8,131928000.0,12071991168.75,41843325.0,24257.0,18302.0
 nan ,VBL       ,29/09/2026,462.55,470.0,,469.05,573750.0,146592296.25,314925.0,247.0,188.0
FUTSTK    ,,,246.6,248.06,237.9,238.57,43143750.0,7028313682.5,29081250.0,12925.0,10271.0
 FUTSTK     , JSWENERGY  ,25/08/2026,558.75,,551.2,553.35,21538700.0,4599043177.5,,7723.0,4651.0
FUTSTK    ,IDFCFIRSTB,25/08/2026,87.28,89.1,85.07,85.24,332582950.0,22320403994.0,257436900.0,27756.0,21402.0
 FUTSTK     ,SUZLON    ,28/07/2026,52.76,,52.15,53.15,87617300.0,5607034125.0,106235500.0,8365.0,6256.0
FUTSTK    , APLAPOLLO  ,,1845.0,1874.9,1825.1,1858.0,3857350.0,3114940465.0,1671250.0,4775.0,2714.0
 FUTSTK     ,TRENT     ,25/08/2026,2912.0,,2895.2,2935.5,11271375.0,9117216630.0,3111750.0,13830.0,10902.0
FUTSTK    , BAJAJFINSV , nan ,,1931.0,1896.6,1924.4,8477100.0,6621525690.0,3454800.0,11516.0,10135.0
FUTSTK    ,KOTAKBANK ,29/09/2026,391.55,393.15,389.0,390.3,33018000.0,152210900.0,390000.0,195.0,184.0
 FUTSTK     ,ETERNAL   , 25/08/2026 ,283.3,298.0,283.3,296.5,144268100.0,21135059127.5,71908525.0,29653.0,20238.0
FUTSTK    ,TATAPOWER ,28/07/2026,,378.55,374.05,377.3,34453450.0,,12195950.0,8411.0,6399.0
 FUTSTK     ,COALINDIA ,29/09/2026,423.6,426.5,,423.05,,134046495.0,315900.0,234.0,214.0
 FUTSTK     ,RECLTD    , 25/08/2026 ,355.1,365.2,355.0,364.65,38642625.0,9219542220.0,25538625.0,16215.0,10471.0
FUTSTK    , HINDPETRO  ,25/08/2026,394.0,398.45,389.0,396.55,38519550.0,4130210958.75,10493550.0,5182.0,4140.0
 FUTSTK     ,AUROPHARMA,28/07/2026,1525.0,,1525.0,1551.2,3310450.0,,3057450.0,5559.0,4071.0
FUTSTK    ,INDUSINDBK,,1019.8,1023.6,,1014.85,3519600.0,133912730.0,,188.0,
FUTSTK    ,IREDA     ,28/07/2026,121.0,121.59,119.51,120.5,10864525.0,3701679689.0,30697600.0,6784.0,5869.0
FUTSTK    ,TECHM     ,28/07/2026,1582.1,1599.2,1569.9,1573.3,4231800.0,10634950920.0,6720600.0,11201.0,8614.0
FUTIDX    ,NIFTYNXT50,28/07/2026,72060.0,72498.8,72060.0,72446.2,6600.0,517355705.0,7150.0,286.0,256.0
 FUTSTK     ,MFSL      ,29/09/2026,1548.0,1548.0,1520.0,1520.0,31200.0,7968200.0,5200.0,13.0,13.0
FUTSTK    ,BLUESTARCO,,1656.2,1668.7,,1638.9,3017300.0,1974791747.5,1199900.0,3692.0,3325.0
 FUTSTK     ,BPCL      ,28/07/2026,316.0,318.9,313.8,316.9,19088375.0,4027521021.25,,6453.0,4090.0
 FUTSTK     ,M&M       ,29/09/2026,3224.9,3278.5,3210.0,,2348600.0,206347300.0,63600.0,318.0,278.0
FUTSTK    ,NHPC      ,25/08/2026,77.88,78.89,77.52,78.67,126073000.0,3565373074.0,45668450.0,6571.0,4888.0
FUTSTK    ,BEL       ,29/09/2026,410.4,412.0,408.5,411.05,13034475.0,354647943.75,864975.0,607.0,550.0
FUTSTK    ,DABUR     ,,428.85,431.0,426.65,429.3,26118750.0,3636520125.0,8470000.0,6776.0,5664.0
FUTSTK    ,COCHINSHIP, 28/07/2026 ,1406.8,1406.8,1387.5,1402.8,2241200.0,3978555480.0,2847600.0,7119.0,5010.0
FUTSTK    ,YESBANK   ,,23.25,23.34,23.0,23.1,885634700.0,7603086042.0,328944700.0,10577.0,5569.0
FUTSTK    ,CAMS      , 25/08/2026 ,768.45,793.65,768.45,788.2,5721375.0,2611979205.0,3319800.0,4024.0,3274.0
FUTSTK    ,PNBHOUSING,28/07/2026,1055.3,1085.0,,1078.4,2425800.0,2773550325.0,2590900.0,3986.0,3260.0
FUTSTK    ,ZYDUSLIFE , 29/09/2026 ,1135.0,1135.0,1119.8,1123.0,74700.0,29364750.0,26100.0,29.0,27.0
 FUTSTK     , nan , 29/09/2026 ,311.8,312.05,307.7,308.4,755000.0,47315500.0,152500.0,61.0,57.0
FUTSTK    ,,28/07/2026,1712.7,1716.8,1676.7,1701.2,,9900079267.5,5855625.0,8675.0,6119.0
FUTSTK    ,TRENT     ,28/07/2026,2924.9,2960.0,2911.8,2948.5,1568475.0,8750161800.0,2970450.0,13202.0,10508.0
FUTSTK    ,ALKEM     ,25/08/2026,5699.0,,5615.5,5631.0,1324000.0,3874789500.0,686125.0,5489.0,3944.0
FUTIDX    ,FINNIFTY  ,,26151.0,26330.9,26151.0,26301.9,16740.0,304208664.0,,193.0,164.0
FUTSTK    ,MPHASIS   ,25/08/2026,2337.0,2383.8,2330.0,2348.8,4178900.0,4399701515.0,,6807.0,5377.0
 FUTSTK     ,PHOENIXLTD,28/07/2026,2010.2,2054.2,2010.2,2033.4,925050.0,1991155075.0,,2799.0,2346.0
FUTSTK    , ADANIENT   ,,3088.3,3088.3,3046.1,3076.9,477096.0,107954433.9,35226.0,114.0,104.0
 FUTSTK     ,JINDALSTEL,,1062.0,1078.7,1060.0,1076.0,620000.0,42846312.5,40000.0,64.0,60.0
,,28/07/2026,388.9,388.9,384.4,385.65,59718000.0,,41784000.0,20892.0,13861.0
FUTSTK    ,ASHOKLEY  ,29/09/2026,155.65,157.26,154.86,157.09,,188591400.0,,,208.0
 FUTSTK     ,CROMPTON  ,25/08/2026,253.65,253.65,249.55,250.9,,4571743337.5,18210500.0,8470.0,5953.0
FUTSTK    ,BANDHANBNK,29/09/2026,167.85,170.59,167.85,169.65,3578400.0,102074184.0,601200.0,167.0,147.0
,CAMS      ,28/07/2026,758.45,789.7,758.45,784.85,,1754829202.5,2239875.0,2715.0,2229.0
FUTSTK    ,DLF       ,29/09/2026,652.05,658.25,650.0,657.2,288800.0,50930355.0,77900.0,,77.0
FUTSTK    ,ADANIGREEN,28/07/2026,1417.0,1419.4,,1401.0,8862600.0,10212952020.0,7301400.0,12169.0,6839.0
FUTSTK    ,JSWENERGY , 28/07/2026 ,557.3,558.7,549.0,550.95,6074825.0,4320674991.25,7831375.0,7285.0,
FUTSTK    , BIOCON     ,,441.0,442.5,,441.55,540000.0,43010250.0,97500.0,39.0,30.0
FUTSTK    , VOLTAS     , 25/08/2026 ,1342.5,1351.8,1316.0,,6651000.0,3265633275.0,2454375.0,6545.0,5264.0
FUTSTK    , HCLTECH    ,25/08/2026,1289.8,1307.6,1278.0,1296.2,28688800.0,18207575320.0,,35059.0,23800.0
FUTSTK    ,SONACOMS  ,29/09/2026,712.15,721.1,,719.65,,23694501.25,33075.0,27.0,27.0
FUTSTK    ,INDUSINDBK, nan ,1010.95,1012.7,996.6,1007.1,12148500.0,11302820410.0,11261600.0,16088.0,
 FUTSTK     ,DIXON     ,,13700.0,13780.0,13531.0,13597.0,88650.0,271361900.0,19900.0,398.0,376.0
FUTSTK    , BANKINDIA  ,28/07/2026,144.1,144.43,136.41,137.76,43560400.0,5604076608.0,40232400.0,7737.0,
FUTSTK    ,ASTRAL    ,28/07/2026,,1484.9,1446.4,1461.3,1619675.0,4391782295.0,,7036.0,6223.0
FUTSTK    ,YESBANK   ,,23.32,23.44,23.17,23.24,66896100.0,606267443.0,26061800.0,838.0,275.0
FUTSTK    ,OIL       , 28/07/2026 ,446.25,,438.65,441.85,4643800.0,2477693330.0,5587400.0,3991.0,3413.0
FUTSTK    ,GLENMARK  ,28/07/2026,2188.4,2218.9,,2198.1,5170500.0,8580699150.0,3891000.0,10376.0,6012.0
 FUTSTK     ,MARICO    , 29/09/2026 ,864.5,866.9,859.3,865.35,956400.0,13471140.0,15600.0,13.0,13.0
FUTSTK    ,,25/08/2026,1791.0,1795.0,1764.6,1782.4,17236325.0,,5137125.0,10815.0,8108.0
FUTSTK    ,ICICIBANK ,29/09/2026,1442.0,1452.3,1434.1,1448.9,8453900.0,2204009360.0,1526700.0,2181.0,2131.0
FUTSTK    ,DIVISLAB  ,28/07/2026,7213.5,7462.0,7213.5,7421.0,1078200.0,8667081000.0,1171100.0,11711.0,8076.0
 FUTSTK     ,INFY      ,28/07/2026,,1081.9,1058.2,1080.0,31509200.0,36874660560.0,34260400.0,85651.0,61034.0
FUTSTK    ,ADANIPOWER,29/09/2026,,,215.47,216.61,7593450.0,83082496.0,383400.0,108.0,
FUTSTK    ,NESTLEIND , 29/09/2026 ,1475.3,1475.3,1453.0,1466.1,,27777950.0,19000.0,38.0,
FUTSTK    ,NTPC      ,29/09/2026,355.65,355.65,348.25,350.95,27607500.0,2109530775.0,6018000.0,4012.0,3258.0
FUTSTK    ,COLPAL    ,29/09/2026,2138.0,,,2159.1,37400.0,30817435.0,14300.0,52.0,48.0
FUTSTK    ,KAYNES    ,29/09/2026,3099.0,3152.1,3083.0,3137.1,124500.0,198421740.0,63600.0,424.0,389.0
FUTSTK    ,SAIL      ,25/08/2026,164.0,167.3,,163.61,181960500.0,16832245783.0,102243800.0,21754.0,11857.0
FUTSTK    ,LAURUSLABS,25/08/2026,1630.0,1739.1,1626.5,1722.9,16478950.0,21441964340.0,12649700.0,14882.0,12145.0
FUTSTK    ,POLYCAB   ,29/09/2026,9022.0,9126.0,,9106.5,39750.0,161604937.5,17750.0,142.0,
 FUTSTK     ,ADANIPORTS,28/07/2026,1780.0,1784.0,1755.0,1772.8,4987500.0,,,9489.0,
 FUTSTK     ,BANKBARODA, nan ,245.7,250.55,245.7,247.3,4867200.0,,748800.0,256.0,238.0
 FUTSTK     ,ABB       ,28/07/2026,7402.0,7403.0,7232.5,7331.5,779500.0,5333452937.5,730500.0,5844.0,5127.0
FUTSTK    ,POWERINDIA,29/09/2026,31390.0,,,31900.0,3000.0,60423500.0,1900.0,,72.0
FUTSTK    ,SUZLON    ,28/07/2026,52.76,,52.15,53.15,,5607034125.0,106235500.0,8365.0,6256.0
FUTSTK    ,PETRONET  , 29/09/2026 ,278.45,,276.05,276.35,,19507680.0,70300.0,37.0,36.0
 FUTSTK     ,JSWSTEEL  , 29/09/2026 ,1257.3,1264.5,1247.9,,,52569742.5,41850.0,62.0,48.0
, nan ,28/07/2026,,438.05,433.95,436.95,18400000.0,6545516125.0,,6004.0,4523.0
FUTSTK    , SRF        ,29/09/2026,2679.6,2680.3,2635.1,2650.0,53000.0,34521340.0,13000.0,65.0,61.0
FUTSTK    ,DMART     ,28/07/2026,4068.6,,4011.1,4028.2,894300.0,5904486600.0,1456500.0,9710.0,7690.0
 FUTSTK     ,LICI      ,25/08/2026,421.0,423.45,417.8,421.65,18029200.0,3614978220.0,8598800.0,6142.0,3922.0
FUTSTK    ,,29/09/2026,331.55,332.2,330.25,,6249600.0,254408480.0,768000.0,480.0,434.0
FUTSTK    ,TVSMOTOR  ,28/07/2026,3882.1,3892.5,3843.5,3877.1,2763250.0,9501336197.5,2457000.0,14040.0,10457.0
FUTSTK    , UNITDSPR   ,,1483.8,1502.2,1469.5,1481.4,2101600.0,3977007160.0,2667600.0,6669.0,5275.0
FUTSTK    ,CDSL      , nan ,1342.2,1346.4,1326.1,1329.2,2805350.0,3738159702.5,2803450.0,5902.0,4729.0
 nan ,MANKIND   ,25/08/2026,2533.7,2575.7,2533.7,2564.1,2439750.0,2497172850.0,976250.0,3905.0,2921.0
,POLICYBZR ,25/08/2026,1559.7,1568.5,1546.0,,8158500.0,4754190280.0,3049550.0,8713.0,
 FUTSTK     ,CDSL      , 25/08/2026 ,1349.4,1349.4,1330.0,1331.7,,4478868005.0,3353975.0,7061.0,5694.0
FUTSTK    ,KALYANKJIL,28/07/2026,574.2,585.0,562.85,564.6,11375100.0,8080576200.0,,10479.0,7414.0
FUTSTK    ,VEDL      ,28/07/2026,266.05,268.3,264.4,265.35,25151650.0,5700287570.0,21404950.0,18613.0,11360.0
FUTSTK    ,ASTRAL    ,25/08/2026,1439.0,1446.8,1422.0,,,4743253172.5,3301400.0,7768.0,
FUTSTK    ,OFSS      ,28/07/2026,,,10667.0,11120.0,257100.0,6724194600.0,607200.0,,5512.0
FUTSTK    , PETRONET   , 28/07/2026 ,,276.4,273.0,273.45,6423900.0,2557717015.0,9308100.0,4899.0,3063.0
FUTSTK    ,PATANJALI , 29/09/2026 ,348.5,351.5,347.1,350.8,513850.0,35724238.75,102125.0,95.0,78.0
FUTSTK    ,INDIGO    ,25/08/2026,,5269.0,5127.5,5256.5,5534400.0,12131749725.0,2325900.0,15506.0,11684.0
FUTSTK    ,,29/09/2026,712.15,721.1,712.1,719.65,95550.0,,33075.0,27.0,27.0
FUTSTK    ,TITAN     ,29/09/2026,4752.3,4795.0,4745.2,4789.8,544075.0,181598095.0,37975.0,217.0,207.0
FUTSTK    ,,29/09/2026,2710.0,2746.2,2700.0,2735.8,131600.0,,34300.0,196.0,179.0
 nan ,NIFTY     ,25/08/2026,23999.0,24120.0,23965.2,24101.8,10274225.0,82013105453.5,3411200.0,52480.0,34897.0
FUTSTK    ,SUNPHARMA , 25/08/2026 ,1958.6,,1950.2,1979.6,13256250.0,9102101365.0,4621400.0,13204.0,9432.0
FUTSTK    ,SBILIFE   ,29/09/2026,1874.8,1885.0,1858.4,1884.8,498375.0,62545050.0,33375.0,89.0,78.0
FUTSTK    ,BAJAJFINSV,29/09/2026,1915.0,1942.4,1915.0,1939.2,1581900.0,37641420.0,19500.0,65.0,62.0
FUTSTK    ,,28/07/2026,1030.9,1049.6,1026.9,,23800500.0,21665339175.0,20813250.0,27751.0,19137.0
 FUTSTK     , SBIN       ,28/07/2026,1025.0,1025.0,1016.3,1022.3,29993250.0,21340361850.0,20907750.0,27877.0,20608.0
FUTSTK    ,SBIN      , 25/08/2026 ,1033.9,1033.9,1021.8,1027.5,70995750.0,23341417350.0,,30333.0,22870.0
FUTSTK    , HDFCLIFE   , nan ,558.05,561.6,554.6,556.65,36704800.0,6157861490.0,11050600.0,10046.0,8478.0
FUTSTK    ,INOXWIND  , nan ,77.64,78.75,77.64,78.33,,2320124160.0,29696000.0,4640.0,3042.0
FUTSTK    ,AUBANK    , 28/07/2026 ,1019.0,1060.8,1019.0,1050.9,7710000.0,9804739000.0,9401000.0,9401.0,7226.0
FUTSTK    , UNITDSPR   ,25/08/2026,,1511.4,1479.7,1491.1,7584400.0,4886528760.0,3259200.0,8148.0,6382.0
FUTSTK    ,LT        , 28/07/2026 ,3817.0,3833.2,3800.1,3809.3,5388600.0,16503825992.5,4325300.0,24716.0,16993.0
 FUTSTK     ,AMBUJACEM ,25/08/2026,427.55,436.1,425.4,433.85,69157200.0,12242817120.0,28276800.0,23564.0,10249.0
FUTSTK    ,PIDILITIND, 28/07/2026 ,1586.1,1624.5,1577.2,1613.5,2505500.0,3578381150.0,2220000.0,4440.0,3216.0
FUTSTK    ,HAVELLS   ,28/07/2026,1239.9,1248.2,1231.0,1237.7,3252000.0,2990771400.0,2417000.0,4834.0,3600.0
 FUTSTK     ,KEI       ,29/09/2026,4854.0,,4803.0,4838.0,11725.0,11044950.0,2275.0,13.0,12.0
FUTSTK    ,KPITTECH  ,,577.15,589.1,,584.95,10838375.0,4426917063.75,7592675.0,9797.0,8058.0
 FUTSTK     ,CROMPTON  ,29/09/2026,253.5,,251.3,252.6,505250.0,54316632.5,215000.0,,93.0
 FUTSTK     ,VOLTAS    ,29/09/2026,1346.2,1346.2,1325.8,1329.6,70875.0,21959700.0,16500.0,,41.0
FUTSTK    ,BANDHANBNK,25/08/2026,168.8,169.75,166.01,168.63,117601200.0,5524533468.0,32742000.0,9095.0,
FUTSTK    ,SOLARINDS , 29/09/2026 ,18775.0,18931.0,18579.0,18855.0,78300.0,36584900.0,1950.0,39.0,37.0
FUTSTK    ,SRF       ,29/09/2026,2679.6,2680.3,2635.1,2650.0,53000.0,34521340.0,13000.0,,61.0
FUTSTK    , CIPLA      , 29/09/2026 ,1425.0,1431.2,,1423.7,1950750.0,17536520.0,12325.0,29.0,
FUTSTK    ,YESBANK   , 28/07/2026 ,,23.17,,22.97,595751600.0,,332334600.0,10686.0,5366.0
FUTSTK    , nan ,25/08/2026,146.97,150.45,146.97,150.06,114937350.0,10038356503.5,67237950.0,10933.0,7675.0
FUTSTK    , ADANIPOWER ,28/07/2026,214.3,216.0,212.95,214.18,,,47697800.0,13436.0,8582.0
FUTSTK    , BAJFINANCE ,28/07/2026,1030.9,1049.6,1026.9,,23800500.0,21665339175.0,20813250.0,27751.0,
FUTSTK    ,,28/07/2026,,14038.0,13767.0,13815.0,678850.0,10133948500.0,729700.0,14594.0,10316.0
FUTSTK    ,IREDA     , 25/08/2026 ,117.06,117.78,,117.45,62245900.0,3915083983.25,33457850.0,,6451.0
FUTSTK    , nan ,29/09/2026,572.0,585.0,568.9,581.5,1430650.0,232520111.25,402225.0,519.0,397.0
 FUTSTK     ,LICHSGFIN , 25/08/2026 ,531.1,546.95,530.7,545.95,21974000.0,3834457100.0,7107000.0,7107.0,4941.0
 FUTSTK     ,,25/08/2026,422.0,428.9,419.8,427.75,16788750.0,3898009625.0,9148750.0,7319.0,4713.0
FUTSTK    , MOTHERSON  , 29/09/2026 ,148.8,151.0,148.8,150.9,904050.0,68310756.0,455100.0,74.0,69.0
FUTSTK    ,OBEROIRLTY,25/08/2026,1825.0,1846.2,1812.2,1839.7,5203800.0,4768946455.0,2598400.0,7424.0,5185.0
FUTSTK    , HDFCBANK   ,28/07/2026,747.85,749.95,739.0,741.1,68150550.0,40324450107.5,54363400.0,83636.0,55304.0
FUTSTK    ,GAIL      ,25/08/2026,171.99,176.17,171.08,175.45,69942100.0,4890096458.0,28211850.0,,6760.0
FUTSTK    ,LT        ,25/08/2026,3860.0,3860.0,3821.3,3828.7,10794350.0,19701938690.0,5136775.0,,20352.0
FUTSTK    , SWIGGY     ,28/07/2026,255.58,265.33,253.01,259.13,10032025.0,5504283311.25,21086050.0,11554.0,
FUTSTK    ,ULTRACEMCO, 28/07/2026 ,,11962.0,,11862.0,581800.0,6490974000.0,549000.0,,9180.0
,HYUNDAI   ,29/09/2026,1941.0,1976.5,1941.0,1973.7,42350.0,21588875.0,11000.0,40.0,39.0
FUTSTK    ,ICICIPRULI,29/09/2026,511.0,515.0,510.0,514.95,204425.0,27042005.0,52725.0,57.0,44.0
 FUTSTK     ,INDHOTEL  ,,740.0,744.95,738.1,741.4,4731000.0,34107150.0,46000.0,46.0,43.0
 FUTSTK     ,BHEL      ,28/07/2026,419.5,421.9,413.6,416.95,31410750.0,11827578393.75,28423500.0,10828.0,7478.0
,BEL       , nan ,409.45,409.55,405.9,408.35,78285225.0,11884129785.0,29165475.0,20467.0,13817.0
FUTSTK    , AUROPHARMA , 29/09/2026 ,1563.4,1584.6,1563.4,1579.7,35200.0,33742115.0,21450.0,39.0,30.0
FUTSTK    ,,28/07/2026,5352.0,5438.5,5330.5,5383.0,597125.0,3873493500.0,720875.0,5767.0,4484.0
FUTSTK    ,OBEROIRLTY,29/09/2026,1818.0,1834.6,1815.0,1834.6,47600.0,9576840.0,5250.0,15.0,15.0
FUTSTK    ,,28/07/2026,1500.0,1535.0,1487.2,,4559525.0,9196617500.0,6049600.0,12736.0,10253.0
FUTSTK    ,MOTILALOFS,29/09/2026,886.2,886.2,872.8,877.6,121675.0,18356146.25,20925.0,27.0,27.0
FUTSTK    ,,29/09/2026,13600.0,13743.0,13540.0,13731.0,109300.0,135973150.0,9950.0,199.0,185.0
FUTSTK    ,360ONE    ,29/09/2026,1129.7,1143.3,1129.7,1143.0,16500.0,8541150.0,7500.0,,14.0
FUTSTK    ,JSWSTEEL  ,25/08/2026,,1256.0,1240.5,1250.4,37412550.0,8367165000.0,6702075.0,9929.0,
,,25/08/2026,5659.0,5682.5,5625.5,5669.0,3493400.0,7036034900.0,1243200.0,6216.0,4314.0
 FUTSTK     ,MUTHOOTFIN,29/09/2026,3077.5,3095.6,3057.3,3061.5,43175.0,47373947.5,15400.0,56.0,54.0
,ABCAPITAL ,29/09/2026,398.0,404.65,398.0,,375100.0,,136400.0,44.0,41.0
,BANKNIFTY ,28/07/2026,57075.0,57389.0,56959.0,57176.4,1226700.0,39839624196.0,696870.0,23229.0,15167.0
FUTSTK    ,IEX       ,28/07/2026,123.24,129.52,123.24,126.93,38440950.0,4154854911.0,32720700.0,7522.0,5081.0
FUTSTK    ,,28/07/2026,169.43,175.45,,174.75,14611800.0,4019462472.5,,6566.0,5690.0
FUTSTK    ,,29/09/2026,251.0,263.0,251.0,258.87,1105950.0,104549085.25,403325.0,221.0,207.0
 FUTSTK     , nan ,29/09/2026,1966.1,1993.0,1966.1,,,52792950.0,26600.0,76.0,72.0
FUTSTK    ,KEI       ,25/08/2026,4891.5,4913.5,4816.5,4862.0,2037700.0,3781088937.5,775775.0,4433.0,3361.0
 FUTSTK     ,TVSMOTOR  ,29/09/2026,3913.2,3930.8,3891.0,3925.7,479850.0,50709977.5,12950.0,74.0,60.0
 FUTSTK     , BHARATFORG ,28/07/2026,2178.0,2190.1,2155.7,2182.0,1619500.0,5736915900.0,2644000.0,5288.0,4712.0
FUTSTK    , GODREJCP   ,25/08/2026,1079.9,1079.9,,1076.1,9513500.0,3656917350.0,3411500.0,6823.0,5074.0
FUTSTK    ,TATAPOWER , 29/09/2026 ,381.0,383.0,378.65,381.95,4389150.0,141187080.0,,,240.0
FUTSTK    ,JSWSTEEL  ,28/07/2026,1233.8,1247.6,1233.0,1243.2,8133750.0,7808621062.5,6290325.0,9319.0,
 FUTSTK     ,ASIANPAINT, 25/08/2026 ,2665.2,,2665.2,2725.7,7021500.0,10787105400.0,3955250.0,15821.0,10089.0
FUTSTK    ,ASIANPAINT,28/07/2026,2665.0,2725.9,2665.0,2710.0,2779750.0,10438810150.0,3848000.0,15392.0,9857.0
FUTSTK    ,TATAELXSI , 25/08/2026 ,3529.0,,3499.2,3563.4,2764125.0,5556549775.0,1565500.0,12524.0,9996.0
 FUTSTK     , nan ,29/09/2026,,,288.0,289.65,,562489121.25,1937175.0,1123.0,658.0
FUTSTK    , TECHM      ,29/09/2026,1577.0,1593.3,1570.0,1575.7,134400.0,106182540.0,67200.0,112.0,101.0
FUTSTK    ,LT        ,29/09/2026,3899.7,3899.7,,3852.9,1669325.0,254700022.5,65975.0,377.0,
 FUTSTK     ,ABB       , 29/09/2026 ,7320.0,7323.0,7220.0,7312.5,29875.0,48251250.0,6625.0,53.0,42.0
FUTSTK    , BHARTIARTL ,25/08/2026,1910.0,1928.5,,,55171725.0,19644716740.0,10261900.0,21604.0,13543.0
FUTSTK    ,LTF       , 29/09/2026 ,304.9,309.6,304.8,309.2,,50465250.0,164250.0,73.0,
FUTSTK    ,TCS       ,,2288.0,,2276.1,2306.8,33173100.0,29558971980.0,12805650.0,56914.0,35423.0
 nan , PIIND      , 25/08/2026 ,2730.6,2751.0,2704.8,,2612575.0,2155237787.5,786975.0,4497.0,3201.0
FUTSTK    ,PHOENIXLTD,29/09/2026,2071.1,2071.4,2055.6,2055.6,10150.0,2893835.0,1400.0,4.0,4.0
FUTSTK    ,ONGC      ,25/08/2026,248.0,248.29,238.86,239.71,48195000.0,,23175000.0,10300.0,8596.0
 nan ,IDEA      ,28/07/2026,13.11,,,13.1,1971494925.0,20090824839.0,,21382.0,8580.0
FUTSTK    ,PATANJALI , 29/09/2026 ,348.5,351.5,347.1,350.8,513850.0,35724238.75,102125.0,95.0,78.0
FUTSTK    ,INDIANB   , 25/08/2026 ,834.55,843.0,830.05,835.3,,4580939600.0,5484000.0,5484.0,4335.0
FUTSTK    , MOTILALOFS , 25/08/2026 ,880.0,883.1,866.25,873.15,6575875.0,2626812822.5,3010100.0,3884.0,3233.0
FUTSTK    ,TATAELXSI ,28/07/2026,3533.8,,3529.2,3566.2,857750.0,5264039687.5,1475125.0,11801.0,9535.0
FUTSTK    ,,25/08/2026,1865.8,1876.9,1844.4,,6568875.0,4689962737.5,2521875.0,6725.0,5275.0
,MARUTI    , 25/08/2026 ,13540.0,13669.0,13444.0,13650.0,1950550.0,13165640600.0,,19396.0,14865.0
FUTSTK    ,PREMIERENE,25/08/2026,1035.6,1040.4,1012.0,1038.3,6160700.0,2551815370.0,2483650.0,3821.0,2945.0
FUTSTK    ,RELIANCE  , 29/09/2026 ,1300.0,1304.6,1291.1,1294.3,14533500.0,2020496150.0,1560500.0,3121.0,2952.0
FUTSTK    ,FORTIS    ,28/07/2026,,958.5,,943.7,2842700.0,2619932333.75,2765975.0,3569.0,2586.0
FUTSTK    ,INFY      ,25/08/2026,1062.0,1086.2,1056.9,1083.4,90136400.0,39576604680.0,36701200.0,91753.0,63744.0
 FUTIDX     ,BANKNIFTY , 28/07/2026 ,57075.0,57389.0,56959.0,57176.4,1226700.0,39839624196.0,696870.0,23229.0,15167.0
FUTSTK    ,FORTIS    ,,,961.8,955.25,955.7,2945775.0,,496000.0,640.0,40.0
FUTSTK    , DLF        ,28/07/2026,644.0,,,650.1,16018900.0,7466496405.0,11556750.0,12165.0,6824.0
, ASIANPAINT ,29/09/2026,2721.0,2755.0,2721.0,2744.3,1296500.0,63802425.0,23250.0,93.0,
FUTSTK    ,HDFCAMC   ,29/09/2026,2570.7,2584.9,2570.0,2582.0,354000.0,26292330.0,10200.0,,34.0
FUTSTK    ,GRASIM    ,28/07/2026,3110.1,3118.0,3080.4,3113.8,3544750.0,8191146600.0,2641000.0,10564.0,6549.0
FUTSTK    ,NHPC      ,28/07/2026,78.94,80.04,78.38,79.76,20203650.0,3403771118.0,42944050.0,6179.0,
FUTSTK    ,SBICARD   ,28/07/2026,,648.0,626.75,644.85,5076800.0,5325256920.0,8334400.0,10418.0,7374.0
 FUTSTK     ,JINDALSTEL,28/07/2026,1052.0,1067.0,1042.6,1065.0,4741250.0,,4955000.0,7928.0,6153.0
FUTSTK    ,OFSS      ,29/09/2026,10899.0,,10854.0,11151.0,20000.0,145140700.0,13100.0,131.0,119.0
FUTSTK    ,TATAELXSI ,28/07/2026,3533.8,,3529.2,3566.2,857750.0,5264039687.5,1475125.0,11801.0,9535.0
FUTSTK    ,LODHA     ,29/09/2026,1115.4,1150.0,,1137.05,,389322062.5,346250.0,,473.0
FUTIDX    ,NIFTY     ,29/09/2026,24250.0,24250.0,24105.4,24237.2,874770.0,4244900497.5,175630.0,2702.0,2127.0
 FUTSTK     ,WIPRO     ,28/07/2026,177.3,179.54,175.68,179.24,79653000.0,,105009000.0,35003.0,22519.0
FUTSTK    , TATASTEEL  ,28/07/2026,184.0,185.0,183.7,184.54,59840000.0,6825719862.5,37015000.0,,9919.0
FUTSTK    ,PHOENIXLTD,25/08/2026,2033.6,2067.1,2023.5,2043.5,3184650.0,2296991235.0,1123150.0,,2743.0
FUTSTK    ,LTF       , 29/09/2026 ,304.9,309.6,304.8,309.2,634500.0,50465250.0,164250.0,73.0,70.0
FUTSTK    , PREMIERENE , 25/08/2026 ,1035.6,1040.4,1012.0,,6160700.0,2551815370.0,2483650.0,3821.0,2945.0
FUTSTK    , nan , 28/07/2026 ,2319.0,2343.8,2305.3,2339.8,1247625.0,5114964532.5,,9760.0,6768.0
 FUTSTK     ,TATASTEEL ,29/09/2026,185.95,186.95,185.95,186.73,29485500.0,144126977.5,772750.0,281.0,240.0
FUTSTK    ,,28/07/2026,,2158.0,,2137.8,,3425179312.5,1604900.0,5836.0,4580.0
FUTSTK    ,NAM-INDIA ,28/07/2026,1130.7,1158.0,1116.5,1152.8,499375.0,2260952312.5,1971875.0,3155.0,2934.0
FUTSTK    ,SBICARD   , 29/09/2026 ,620.0,642.5,618.05,640.0,724800.0,257693480.0,408800.0,511.0,417.0
FUTSTK    ,SONACOMS  ,25/08/2026,729.3,729.3,711.35,719.9,10613400.0,4137471983.75,,4700.0,
FUTSTK    ,ETERNAL   ,29/09/2026,287.5,299.5,287.05,298.7,5866075.0,518452026.25,1758125.0,725.0,587.0
,ALKEM     ,29/09/2026,5721.0,5729.0,5660.0,5679.0,4125.0,,2250.0,18.0,17.0
FUTSTK    ,, 25/08/2026 ,355.1,365.2,355.0,364.65,38642625.0,9219542220.0,25538625.0,16215.0,10471.0
FUTSTK    ,SAIL      ,28/07/2026,163.0,166.38,162.04,162.77,93248000.0,16262909873.0,99301600.0,21128.0,11293.0
FUTSTK    ,GODFRYPHLP,29/09/2026,2119.3,2213.8,,2163.9,37675.0,54920992.5,,92.0,87.0
 FUTSTK     , TVSMOTOR   ,28/07/2026,,3892.5,3843.5,3877.1,2763250.0,,2457000.0,14040.0,10457.0
FUTSTK    ,SUNPHARMA ,28/07/2026,1953.2,1971.0,1931.0,,5666850.0,8932315210.0,4560850.0,13031.0,9391.0
 FUTSTK     ,BOSCHLTD  ,28/07/2026,42085.0,42100.0,41305.0,41425.0,22625.0,2611915625.0,62875.0,,1920.0
FUTSTK    ,BSE       ,28/07/2026,3574.9,3583.3,3499.3,3542.8,,,2737400.0,13687.0,9802.0
FUTSTK    ,LAURUSLABS,29/09/2026,,1738.0,1630.0,1723.0,393550.0,697763045.0,410550.0,483.0,448.0
FUTSTK    ,HAL       ,25/08/2026,4620.0,4666.6,4595.2,4641.1,4514850.0,8591168475.0,1852200.0,12348.0,9482.0
FUTSTK    ,ITC       ,,286.45,288.7,285.7,286.35,,10260449040.0,35750625.0,20725.0,15022.0
FUTSTK    , TMPV       ,28/07/2026,326.5,328.6,326.25,328.0,37534400.0,8036047520.0,,15332.0,11371.0
 nan ,FORTIS    ,25/08/2026,951.1,963.65,947.1,949.05,8022025.0,2500286245.0,,3387.0,2914.0
FUTSTK    ,IEX       ,28/07/2026,,129.52,123.24,126.93,38440950.0,4154854911.0,32720700.0,7522.0,5081.0
 nan , SWIGGY     , 25/08/2026 ,252.98,264.55,,258.95,44648625.0,7687056055.75,29579600.0,16208.0,13359.0
,SRF       ,28/07/2026,2702.3,2702.3,,2642.6,844200.0,4049864840.0,1520800.0,7604.0,6402.0
 FUTSTK     ,NAM-INDIA , 28/07/2026 ,1130.7,1158.0,1116.5,1152.8,499375.0,2260952312.5,1971875.0,3155.0,2934.0
 FUTSTK     ,TATACONSUM,28/07/2026,,,1097.5,1106.6,5309700.0,5840389225.0,5280000.0,9600.0,7287.0
FUTSTK    ,ABCAPITAL , 25/08/2026 ,397.05,402.95,397.0,402.25,30814000.0,4307947705.0,10775600.0,3476.0,3129.0
FUTSTK    ,IRFC      , 28/07/2026 ,87.82,88.81,87.82,88.33,25231675.0,,35609700.0,6564.0,5653.0
FUTSTK    , LTF        ,28/07/2026,306.0,312.4,304.1,311.85,8433000.0,,17457750.0,7759.0,5148.0
 nan ,ASHOKLEY  ,28/07/2026,154.29,155.5,153.03,155.32,,7701181750.0,49970000.0,9994.0,7284.0
FUTSTK    , ANGELONE   , 28/07/2026 ,310.05,312.35,304.6,305.5,9065000.0,2869807500.0,9322500.0,3729.0,3123.0
FUTSTK    , UNOMINDA   ,28/07/2026,1132.2,1166.0,,1162.9,1114300.0,1551029645.0,1347500.0,2450.0,2180.0
FUTSTK    ,BAJAJHLDNG,28/07/2026,10734.0,10846.0,10625.0,10818.0,,1216490400.0,113250.0,1510.0,1326.0
FUTSTK    , TRENT      ,29/09/2026,2899.7,2947.6,2899.7,2932.5,254475.0,232072785.0,79200.0,352.0,308.0
FUTSTK    ,FEDERALBNK,,356.0,357.5,353.9,356.05,12165000.0,7329709375.0,20615000.0,8246.0,6835.0
 FUTSTK     ,RBLBANK   ,28/07/2026,354.0,363.7,354.0,362.35,17618075.0,6799323618.75,18903950.0,,4545.0
FUTSTK    ,DIVISLAB  ,28/07/2026,7213.5,7462.0,7213.5,,1078200.0,,1171100.0,11711.0,8076.0
FUTSTK    ,INDIANB   ,28/07/2026,825.7,,825.55,,7151000.0,4679052450.0,5632000.0,5632.0,4647.0
 FUTSTK     , PERSISTENT ,,,5358.2,5229.9,5273.6,46125.0,137540037.5,26000.0,208.0,185.0
FUTSTK    ,EICHERMOT ,28/07/2026,7650.5,7842.5,,7773.0,895400.0,7423765200.0,958100.0,9581.0,8340.0
FUTSTK    , CROMPTON   ,25/08/2026,253.65,253.65,249.55,250.9,,4571743337.5,18210500.0,8470.0,5953.0
 nan ,LTM       ,28/07/2026,4132.4,4221.2,4116.4,4192.6,716850.0,4184510715.0,999900.0,6666.0,5714.0
, POWERGRID  , 28/07/2026 ,289.85,290.8,286.8,288.65,,4727697990.0,16395100.0,8629.0,
 FUTSTK     ,INDIGO    ,28/07/2026,5129.0,5248.5,5108.0,5233.5,1334250.0,8930198175.0,1720500.0,11470.0,8777.0
FUTSTK    ,M&M       ,25/08/2026,3207.0,3261.0,3190.0,3250.4,13623800.0,17992092680.0,5573600.0,27868.0,17793.0
FUTSTK    ,NATIONALUM,25/08/2026,347.7,348.65,340.05,341.25,35418750.0,4085989218.75,11876250.0,6334.0,4127.0
FUTSTK    ,GVT&D     ,29/09/2026,4212.0,4368.3,4198.0,4252.5,21000.0,19797437.5,4625.0,37.0,35.0
FUTSTK    ,,29/09/2026,1392.4,1407.6,1381.7,1406.3,131200.0,51981600.0,37200.0,93.0,51.0
 FUTSTK     ,PFC       ,,410.35,,410.35,420.1,28757300.0,8410318150.0,20160400.0,15508.0,10980.0
 FUTSTK     ,KFINTECH  ,25/08/2026,859.4,949.0,,937.0,3695525.0,6428958045.0,6962675.0,12109.0,
FUTSTK    , NAUKRI     ,,1193.15,1217.0,1186.7,1210.3,275550.0,46503792.5,38500.0,70.0,55.0
FUTSTK    , BIOCON     ,25/08/2026,436.0,,436.0,439.15,41932500.0,6537714750.0,14912500.0,,4523.0
FUTSTK    ,SUNPHARMA ,29/09/2026,1966.1,1993.0,1966.1,,2300550.0,52792950.0,26600.0,76.0,
FUTSTK    ,EXIDEIND  , 28/07/2026 ,,444.2,,426.95,13667400.0,2586295890.0,5956200.0,3309.0,3062.0
FUTSTK    ,ETERNAL   ,,283.3,298.0,283.3,,144268100.0,,71908525.0,29653.0,20238.0
FUTSTK    ,VEDL      ,29/09/2026,270.15,271.05,267.3,268.1,844100.0,44541627.5,165600.0,144.0,136.0
 FUTSTK     ,INDUSTOWER, 28/07/2026 ,393.8,397.7,384.05,388.25,39569200.0,9641909040.0,24634700.0,14491.0,8109.0
 FUTSTK     , ICICIGI    ,,1666.0,1699.5,1666.0,,,19742612.5,11700.0,36.0,33.0
FUTSTK    ,IDEA      ,25/08/2026,13.25,13.36,13.12,13.17,5033698350.0,20644755374.25,1561014000.0,21840.0,8911.0
FUTSTK    , 360ONE     ,28/07/2026,,1135.0,1097.5,1131.6,1449500.0,1285358750.0,,2284.0,1931.0
 FUTSTK     ,LTM       ,25/08/2026,4130.0,4244.0,4123.0,4217.6,,5444353830.0,1294800.0,8632.0,7152.0
FUTSTK    ,,25/08/2026,127.74,130.75,126.6,128.33,,20122180650.0,156444750.0,23177.0,18538.0
FUTSTK    ,DRREDDY   ,29/09/2026,1152.5,1153.9,1144.6,1150.2,471875.0,108489312.5,94375.0,151.0,140.0
FUTSTK    , nan , 25/08/2026 ,859.4,949.0,855.05,937.0,3695525.0,6428958045.0,6962675.0,12109.0,10701.0
 FUTSTK     ,MUTHOOTFIN,25/08/2026,3050.0,3080.4,3027.7,3046.4,5804700.0,6204779982.5,2028125.0,7375.0,5757.0
FUTSTK    , COFORGE    , 29/09/2026 ,1499.0,1539.7,1497.2,1530.4,245100.0,183044670.0,,253.0,
FUTSTK    ,ASIANPAINT,28/07/2026,2665.0,2725.9,2665.0,2710.0,2779750.0,10438810150.0,3848000.0,,9857.0
 FUTSTK     ,BDL       ,25/08/2026,1217.8,1228.0,1204.1,1224.7,6567525.0,4284323935.0,3519425.0,8281.0,7090.0
 FUTSTK     , LTF        ,28/07/2026,306.0,312.4,,311.85,8433000.0,5423528137.5,17457750.0,7759.0,5148.0
FUTSTK    ,IRFC      ,29/09/2026,86.85,87.43,86.85,87.05,5924100.0,109235955.5,,231.0,215.0
FUTSTK    , MAXHEALTH  , 25/08/2026 ,1101.4,1115.0,1091.9,1110.5,9399600.0,,3396750.0,6470.0,5580.0
FUTSTK    ,,29/09/2026,4174.1,4221.1,4158.7,4191.4,8700.0,33289560.0,7950.0,53.0,42.0
 FUTSTK     ,PIIND     , 28/07/2026 ,2754.1,2773.7,,2749.4,627725.0,,685300.0,3916.0,2703.0
,ZYDUSLIFE ,25/08/2026,1120.0,1132.6,1112.0,1115.5,9036000.0,3026350980.0,2708100.0,3009.0,2564.0
 FUTSTK     , 360ONE     ,25/08/2026,1123.4,1140.0,1107.1,1136.6,3917500.0,,1546000.0,3092.0,2582.0
,SIEMENS   ,25/08/2026,3697.2,3705.0,3653.1,3683.4,3321325.0,3958892927.5,1077650.0,6158.0,5527.0
 FUTSTK     ,NMDC      ,29/09/2026,84.0,,83.3,83.48,28397250.0,647864122.5,7735500.0,1146.0,1143.0
FUTSTK    ,BHEL      ,25/08/2026,421.5,424.0,415.85,418.9,72161250.0,12671419818.75,30295125.0,11541.0,7863.0
FUTSTK    , FORCEMOT   , 28/07/2026 ,17934.0,17934.0,17237.0,17281.0,47950.0,1731671200.0,99375.0,3975.0,2881.0
FUTSTK    ,,,116.63,116.63,114.39,115.94,3610950.0,,1018125.0,225.0,209.0
 FUTSTK     ,TIINDIA   ,25/08/2026,2791.8,2885.2,2776.5,2862.3,1820200.0,2306429800.0,806400.0,4032.0,3309.0
 FUTSTK     ,WAAREEENER,29/09/2026,2710.0,2746.2,2700.0,2735.8,131600.0,93544867.5,34300.0,,179.0
FUTSTK    ,HINDZINC  ,25/08/2026,541.0,543.05,531.0,532.15,23545725.0,5600496833.75,10470075.0,8547.0,5083.0
